"eventID","occurrenceID","recordedBy","measurementType","measurementValue","measurementUnit"
"Site1_1929-12-01","Site1_1929-12-01_A18","Edgar Anderson","sepal length",5.1,"cm"
"Site1_1929-12-01","Site1_1929-12-01_A18","Edgar Anderson","sepal width",3.5,"cm"
"Site1_1929-12-01","Site1_1929-12-01_A18","Edgar Anderson","petal length",1.4,"cm"
"Site1_1929-12-01","Site1_1929-12-01_A18","Edgar Anderson","petal width",0.3,"cm"
"Site1_1929-12-01","Site1_1929-12-01_A21","Edgar Anderson","sepal length",5.4,"cm"
"Site1_1929-12-01","Site1_1929-12-01_A21","Edgar Anderson","sepal width",3.4,"cm"
"Site1_1929-12-01","Site1_1929-12-01_A21","Edgar Anderson","petal length",1.7,"cm"
"Site1_1929-12-01","Site1_1929-12-01_A21","Edgar Anderson","petal width",0.2,"cm"
"Site1_1929-12-01","Site1_1929-12-01_A24","Edgar Anderson","sepal length",5.1,"cm"
"Site1_1929-12-01","Site1_1929-12-01_A24","Edgar Anderson","sepal width",3.3,"cm"
"Site1_1929-12-01","Site1_1929-12-01_A24","Edgar Anderson","petal length",1.7,"cm"
"Site1_1929-12-01","Site1_1929-12-01_A24","Edgar Anderson","petal width",0.5,"cm"
"Site1_1929-12-01","Site1_1929-12-01_A27","Edgar Anderson","sepal length",5,"cm"
"Site1_1929-12-01","Site1_1929-12-01_A27","Edgar Anderson","sepal width",3.4,"cm"
"Site1_1929-12-01","Site1_1929-12-01_A27","Edgar Anderson","petal length",1.6,"cm"
"Site1_1929-12-01","Site1_1929-12-01_A27","Edgar Anderson","petal width",0.4,"cm"
"Site1_1929-12-01","Site1_1929-12-01_A30","Edgar Anderson","sepal length",4.7,"cm"
"Site1_1929-12-01","Site1_1929-12-01_A30","Edgar Anderson","sepal width",3.2,"cm"
"Site1_1929-12-01","Site1_1929-12-01_A30","Edgar Anderson","petal length",1.6,"cm"
"Site1_1929-12-01","Site1_1929-12-01_A30","Edgar Anderson","petal width",0.2,"cm"
"Site1_1929-12-01","Site1_1929-12-01_A33","Edgar Anderson","sepal length",5.2,"cm"
"Site1_1929-12-01","Site1_1929-12-01_A33","Edgar Anderson","sepal width",4.1,"cm"
"Site1_1929-12-01","Site1_1929-12-01_A33","Edgar Anderson","petal length",1.5,"cm"
"Site1_1929-12-01","Site1_1929-12-01_A33","Edgar Anderson","petal width",0.1,"cm"
"Site1_1929-12-01","Site1_1929-12-01_A36","Edgar Anderson","sepal length",5,"cm"
"Site1_1929-12-01","Site1_1929-12-01_A36","Edgar Anderson","sepal width",3.2,"cm"
"Site1_1929-12-01","Site1_1929-12-01_A36","Edgar Anderson","petal length",1.2,"cm"
"Site1_1929-12-01","Site1_1929-12-01_A36","Edgar Anderson","petal width",0.2,"cm"
"Site1_1929-12-01","Site1_1929-12-01_A39","Edgar Anderson","sepal length",4.4,"cm"
"Site1_1929-12-01","Site1_1929-12-01_A39","Edgar Anderson","sepal width",3,"cm"
"Site1_1929-12-01","Site1_1929-12-01_A39","Edgar Anderson","petal length",1.3,"cm"
"Site1_1929-12-01","Site1_1929-12-01_A39","Edgar Anderson","petal width",0.2,"cm"
"Site1_1929-12-01","Site1_1929-12-01_A42","Edgar Anderson","sepal length",4.5,"cm"
"Site1_1929-12-01","Site1_1929-12-01_A42","Edgar Anderson","sepal width",2.3,"cm"
"Site1_1929-12-01","Site1_1929-12-01_A42","Edgar Anderson","petal length",1.3,"cm"
"Site1_1929-12-01","Site1_1929-12-01_A42","Edgar Anderson","petal width",0.3,"cm"
"Site1_1929-12-01","Site1_1929-12-01_A45","Edgar Anderson","sepal length",5.1,"cm"
"Site1_1929-12-01","Site1_1929-12-01_A45","Edgar Anderson","sepal width",3.8,"cm"
"Site1_1929-12-01","Site1_1929-12-01_A45","Edgar Anderson","petal length",1.9,"cm"
"Site1_1929-12-01","Site1_1929-12-01_A45","Edgar Anderson","petal width",0.4,"cm"
"Site1_1929-12-01","Site1_1929-12-01_A48","Edgar Anderson","sepal length",4.6,"cm"
"Site1_1929-12-01","Site1_1929-12-01_A48","Edgar Anderson","sepal width",3.2,"cm"
"Site1_1929-12-01","Site1_1929-12-01_A48","Edgar Anderson","petal length",1.4,"cm"
"Site1_1929-12-01","Site1_1929-12-01_A48","Edgar Anderson","petal width",0.2,"cm"
"Site1_1929-12-01","Site1_1929-12-01_A51","Edgar Anderson","sepal length",7,"cm"
"Site1_1929-12-01","Site1_1929-12-01_A51","Edgar Anderson","sepal width",3.2,"cm"
"Site1_1929-12-01","Site1_1929-12-01_A51","Edgar Anderson","petal length",4.7,"cm"
"Site1_1929-12-01","Site1_1929-12-01_A51","Edgar Anderson","petal width",1.4,"cm"
"Site1_1929-12-01","Site1_1929-12-01_A54","Edgar Anderson","sepal length",5.5,"cm"
"Site1_1929-12-01","Site1_1929-12-01_A54","Edgar Anderson","sepal width",2.3,"cm"
"Site1_1929-12-01","Site1_1929-12-01_A54","Edgar Anderson","petal length",4,"cm"
"Site1_1929-12-01","Site1_1929-12-01_A54","Edgar Anderson","petal width",1.3,"cm"
"Site1_1929-12-01","Site1_1929-12-01_A57","Edgar Anderson","sepal length",6.3,"cm"
"Site1_1929-12-01","Site1_1929-12-01_A57","Edgar Anderson","sepal width",3.3,"cm"
"Site1_1929-12-01","Site1_1929-12-01_A57","Edgar Anderson","petal length",4.7,"cm"
"Site1_1929-12-01","Site1_1929-12-01_A57","Edgar Anderson","petal width",1.6,"cm"
"Site1_1929-12-01","Site1_1929-12-01_A60","Edgar Anderson","sepal length",5.2,"cm"
"Site1_1929-12-01","Site1_1929-12-01_A60","Edgar Anderson","sepal width",2.7,"cm"
"Site1_1929-12-01","Site1_1929-12-01_A60","Edgar Anderson","petal length",3.9,"cm"
"Site1_1929-12-01","Site1_1929-12-01_A60","Edgar Anderson","petal width",1.4,"cm"
"Site1_1929-12-01","Site1_1929-12-01_A63","Edgar Anderson","sepal length",6,"cm"
"Site1_1929-12-01","Site1_1929-12-01_A63","Edgar Anderson","sepal width",2.2,"cm"
"Site1_1929-12-01","Site1_1929-12-01_A63","Edgar Anderson","petal length",4,"cm"
"Site1_1929-12-01","Site1_1929-12-01_A63","Edgar Anderson","petal width",1,"cm"
"Site1_1929-12-01","Site1_1929-12-01_A66","Edgar Anderson","sepal length",6.7,"cm"
"Site1_1929-12-01","Site1_1929-12-01_A66","Edgar Anderson","sepal width",3.1,"cm"
"Site1_1929-12-01","Site1_1929-12-01_A66","Edgar Anderson","petal length",4.4,"cm"
"Site1_1929-12-01","Site1_1929-12-01_A66","Edgar Anderson","petal width",1.4,"cm"
"Site1_1929-12-01","Site1_1929-12-01_A69","Edgar Anderson","sepal length",6.2,"cm"
"Site1_1929-12-01","Site1_1929-12-01_A69","Edgar Anderson","sepal width",2.2,"cm"
"Site1_1929-12-01","Site1_1929-12-01_A69","Edgar Anderson","petal length",4.5,"cm"
"Site1_1929-12-01","Site1_1929-12-01_A69","Edgar Anderson","petal width",1.5,"cm"
"Site1_1929-12-01","Site1_1929-12-01_A72","Edgar Anderson","sepal length",6.1,"cm"
"Site1_1929-12-01","Site1_1929-12-01_A72","Edgar Anderson","sepal width",2.8,"cm"
"Site1_1929-12-01","Site1_1929-12-01_A72","Edgar Anderson","petal length",4,"cm"
"Site1_1929-12-01","Site1_1929-12-01_A72","Edgar Anderson","petal width",1.3,"cm"
"Site1_1929-12-01","Site1_1929-12-01_A75","Edgar Anderson","sepal length",6.4,"cm"
"Site1_1929-12-01","Site1_1929-12-01_A75","Edgar Anderson","sepal width",2.9,"cm"
"Site1_1929-12-01","Site1_1929-12-01_A75","Edgar Anderson","petal length",4.3,"cm"
"Site1_1929-12-01","Site1_1929-12-01_A75","Edgar Anderson","petal width",1.3,"cm"
"Site1_1929-12-01","Site1_1929-12-01_A78","Edgar Anderson","sepal length",6.7,"cm"
"Site1_1929-12-01","Site1_1929-12-01_A78","Edgar Anderson","sepal width",3,"cm"
"Site1_1929-12-01","Site1_1929-12-01_A78","Edgar Anderson","petal length",5,"cm"
"Site1_1929-12-01","Site1_1929-12-01_A78","Edgar Anderson","petal width",1.7,"cm"
"Site1_1929-12-01","Site1_1929-12-01_A81","Edgar Anderson","sepal length",5.5,"cm"
"Site1_1929-12-01","Site1_1929-12-01_A81","Edgar Anderson","sepal width",2.4,"cm"
"Site1_1929-12-01","Site1_1929-12-01_A81","Edgar Anderson","petal length",3.8,"cm"
"Site1_1929-12-01","Site1_1929-12-01_A81","Edgar Anderson","petal width",1.1,"cm"
"Site1_1929-12-01","Site1_1929-12-01_A84","Edgar Anderson","sepal length",6,"cm"
"Site1_1929-12-01","Site1_1929-12-01_A84","Edgar Anderson","sepal width",2.7,"cm"
"Site1_1929-12-01","Site1_1929-12-01_A84","Edgar Anderson","petal length",5.1,"cm"
"Site1_1929-12-01","Site1_1929-12-01_A84","Edgar Anderson","petal width",1.6,"cm"
"Site1_1929-12-01","Site1_1929-12-01_A87","Edgar Anderson","sepal length",6.7,"cm"
"Site1_1929-12-01","Site1_1929-12-01_A87","Edgar Anderson","sepal width",3.1,"cm"
"Site1_1929-12-01","Site1_1929-12-01_A87","Edgar Anderson","petal length",4.7,"cm"
"Site1_1929-12-01","Site1_1929-12-01_A87","Edgar Anderson","petal width",1.5,"cm"
"Site1_1929-12-01","Site1_1929-12-01_A90","Edgar Anderson","sepal length",5.5,"cm"
"Site1_1929-12-01","Site1_1929-12-01_A90","Edgar Anderson","sepal width",2.5,"cm"
"Site1_1929-12-01","Site1_1929-12-01_A90","Edgar Anderson","petal length",4,"cm"
"Site1_1929-12-01","Site1_1929-12-01_A90","Edgar Anderson","petal width",1.3,"cm"
"Site1_1929-12-01","Site1_1929-12-01_A93","Edgar Anderson","sepal length",5.8,"cm"
"Site1_1929-12-01","Site1_1929-12-01_A93","Edgar Anderson","sepal width",2.6,"cm"
"Site1_1929-12-01","Site1_1929-12-01_A93","Edgar Anderson","petal length",4,"cm"
"Site1_1929-12-01","Site1_1929-12-01_A93","Edgar Anderson","petal width",1.2,"cm"
"Site1_1929-12-01","Site1_1929-12-01_A96","Edgar Anderson","sepal length",5.7,"cm"
"Site1_1929-12-01","Site1_1929-12-01_A96","Edgar Anderson","sepal width",3,"cm"
"Site1_1929-12-01","Site1_1929-12-01_A96","Edgar Anderson","petal length",4.2,"cm"
"Site1_1929-12-01","Site1_1929-12-01_A96","Edgar Anderson","petal width",1.2,"cm"
"Site1_1929-12-01","Site1_1929-12-01_A99","Edgar Anderson","sepal length",5.1,"cm"
"Site1_1929-12-01","Site1_1929-12-01_A99","Edgar Anderson","sepal width",2.5,"cm"
"Site1_1929-12-01","Site1_1929-12-01_A99","Edgar Anderson","petal length",3,"cm"
"Site1_1929-12-01","Site1_1929-12-01_A99","Edgar Anderson","petal width",1.1,"cm"
"Site1_1929-12-01","Site1_1929-12-01_A102","Edgar Anderson","sepal length",5.8,"cm"
"Site1_1929-12-01","Site1_1929-12-01_A102","Edgar Anderson","sepal width",2.7,"cm"
"Site1_1929-12-01","Site1_1929-12-01_A102","Edgar Anderson","petal length",5.1,"cm"
"Site1_1929-12-01","Site1_1929-12-01_A102","Edgar Anderson","petal width",1.9,"cm"
"Site1_1929-12-01","Site1_1929-12-01_A105","Edgar Anderson","sepal length",6.5,"cm"
"Site1_1929-12-01","Site1_1929-12-01_A105","Edgar Anderson","sepal width",3,"cm"
"Site1_1929-12-01","Site1_1929-12-01_A105","Edgar Anderson","petal length",5.8,"cm"
"Site1_1929-12-01","Site1_1929-12-01_A105","Edgar Anderson","petal width",2.2,"cm"
"Site1_1929-12-01","Site1_1929-12-01_A108","Edgar Anderson","sepal length",7.3,"cm"
"Site1_1929-12-01","Site1_1929-12-01_A108","Edgar Anderson","sepal width",2.9,"cm"
"Site1_1929-12-01","Site1_1929-12-01_A108","Edgar Anderson","petal length",6.3,"cm"
"Site1_1929-12-01","Site1_1929-12-01_A108","Edgar Anderson","petal width",1.8,"cm"
"Site1_1929-12-01","Site1_1929-12-01_A111","Edgar Anderson","sepal length",6.5,"cm"
"Site1_1929-12-01","Site1_1929-12-01_A111","Edgar Anderson","sepal width",3.2,"cm"
"Site1_1929-12-01","Site1_1929-12-01_A111","Edgar Anderson","petal length",5.1,"cm"
"Site1_1929-12-01","Site1_1929-12-01_A111","Edgar Anderson","petal width",2,"cm"
"Site1_1929-12-01","Site1_1929-12-01_A114","Edgar Anderson","sepal length",5.7,"cm"
"Site1_1929-12-01","Site1_1929-12-01_A114","Edgar Anderson","sepal width",2.5,"cm"
"Site1_1929-12-01","Site1_1929-12-01_A114","Edgar Anderson","petal length",5,"cm"
"Site1_1929-12-01","Site1_1929-12-01_A114","Edgar Anderson","petal width",2,"cm"
"Site1_1929-12-01","Site1_1929-12-01_A117","Edgar Anderson","sepal length",6.5,"cm"
"Site1_1929-12-01","Site1_1929-12-01_A117","Edgar Anderson","sepal width",3,"cm"
"Site1_1929-12-01","Site1_1929-12-01_A117","Edgar Anderson","petal length",5.5,"cm"
"Site1_1929-12-01","Site1_1929-12-01_A117","Edgar Anderson","petal width",1.8,"cm"
"Site1_1929-12-01","Site1_1929-12-01_A120","Edgar Anderson","sepal length",6,"cm"
"Site1_1929-12-01","Site1_1929-12-01_A120","Edgar Anderson","sepal width",2.2,"cm"
"Site1_1929-12-01","Site1_1929-12-01_A120","Edgar Anderson","petal length",5,"cm"
"Site1_1929-12-01","Site1_1929-12-01_A120","Edgar Anderson","petal width",1.5,"cm"
"Site1_1929-12-01","Site1_1929-12-01_A123","Edgar Anderson","sepal length",7.7,"cm"
"Site1_1929-12-01","Site1_1929-12-01_A123","Edgar Anderson","sepal width",2.8,"cm"
"Site1_1929-12-01","Site1_1929-12-01_A123","Edgar Anderson","petal length",6.7,"cm"
"Site1_1929-12-01","Site1_1929-12-01_A123","Edgar Anderson","petal width",2,"cm"
"Site1_1929-12-01","Site1_1929-12-01_A126","Edgar Anderson","sepal length",7.2,"cm"
"Site1_1929-12-01","Site1_1929-12-01_A126","Edgar Anderson","sepal width",3.2,"cm"
"Site1_1929-12-01","Site1_1929-12-01_A126","Edgar Anderson","petal length",6,"cm"
"Site1_1929-12-01","Site1_1929-12-01_A126","Edgar Anderson","petal width",1.8,"cm"
"Site1_1929-12-01","Site1_1929-12-01_A129","Edgar Anderson","sepal length",6.4,"cm"
"Site1_1929-12-01","Site1_1929-12-01_A129","Edgar Anderson","sepal width",2.8,"cm"
"Site1_1929-12-01","Site1_1929-12-01_A129","Edgar Anderson","petal length",5.6,"cm"
"Site1_1929-12-01","Site1_1929-12-01_A129","Edgar Anderson","petal width",2.1,"cm"
"Site1_1929-12-01","Site1_1929-12-01_A132","Edgar Anderson","sepal length",7.9,"cm"
"Site1_1929-12-01","Site1_1929-12-01_A132","Edgar Anderson","sepal width",3.8,"cm"
"Site1_1929-12-01","Site1_1929-12-01_A132","Edgar Anderson","petal length",6.4,"cm"
"Site1_1929-12-01","Site1_1929-12-01_A132","Edgar Anderson","petal width",2,"cm"
"Site1_1929-12-01","Site1_1929-12-01_A135","Edgar Anderson","sepal length",6.1,"cm"
"Site1_1929-12-01","Site1_1929-12-01_A135","Edgar Anderson","sepal width",2.6,"cm"
"Site1_1929-12-01","Site1_1929-12-01_A135","Edgar Anderson","petal length",5.6,"cm"
"Site1_1929-12-01","Site1_1929-12-01_A135","Edgar Anderson","petal width",1.4,"cm"
"Site1_1929-12-01","Site1_1929-12-01_A138","Edgar Anderson","sepal length",6.4,"cm"
"Site1_1929-12-01","Site1_1929-12-01_A138","Edgar Anderson","sepal width",3.1,"cm"
"Site1_1929-12-01","Site1_1929-12-01_A138","Edgar Anderson","petal length",5.5,"cm"
"Site1_1929-12-01","Site1_1929-12-01_A138","Edgar Anderson","petal width",1.8,"cm"
"Site1_1929-12-01","Site1_1929-12-01_A141","Edgar Anderson","sepal length",6.7,"cm"
"Site1_1929-12-01","Site1_1929-12-01_A141","Edgar Anderson","sepal width",3.1,"cm"
"Site1_1929-12-01","Site1_1929-12-01_A141","Edgar Anderson","petal length",5.6,"cm"
"Site1_1929-12-01","Site1_1929-12-01_A141","Edgar Anderson","petal width",2.4,"cm"
"Site1_1929-12-01","Site1_1929-12-01_A144","Edgar Anderson","sepal length",6.8,"cm"
"Site1_1929-12-01","Site1_1929-12-01_A144","Edgar Anderson","sepal width",3.2,"cm"
"Site1_1929-12-01","Site1_1929-12-01_A144","Edgar Anderson","petal length",5.9,"cm"
"Site1_1929-12-01","Site1_1929-12-01_A144","Edgar Anderson","petal width",2.3,"cm"
"Site1_1929-12-01","Site1_1929-12-01_A147","Edgar Anderson","sepal length",6.3,"cm"
"Site1_1929-12-01","Site1_1929-12-01_A147","Edgar Anderson","sepal width",2.5,"cm"
"Site1_1929-12-01","Site1_1929-12-01_A147","Edgar Anderson","petal length",5,"cm"
"Site1_1929-12-01","Site1_1929-12-01_A147","Edgar Anderson","petal width",1.9,"cm"
"Site1_1929-12-01","Site1_1929-12-01_A150","Edgar Anderson","sepal length",5.9,"cm"
"Site1_1929-12-01","Site1_1929-12-01_A150","Edgar Anderson","sepal width",3,"cm"
"Site1_1929-12-01","Site1_1929-12-01_A150","Edgar Anderson","petal length",5.1,"cm"
"Site1_1929-12-01","Site1_1929-12-01_A150","Edgar Anderson","petal width",1.8,"cm"
"Site1_1929-12-01","Site1_1929-12-01_A3","Edgar Anderson","sepal length",4.7,"cm"
"Site1_1929-12-01","Site1_1929-12-01_A3","Edgar Anderson","sepal width",3.2,"cm"
"Site1_1929-12-01","Site1_1929-12-01_A3","Edgar Anderson","petal length",1.3,"cm"
"Site1_1929-12-01","Site1_1929-12-01_A3","Edgar Anderson","petal width",0.2,"cm"
"Site1_1929-12-01","Site1_1929-12-01_A6","Edgar Anderson","sepal length",5.4,"cm"
"Site1_1929-12-01","Site1_1929-12-01_A6","Edgar Anderson","sepal width",3.9,"cm"
"Site1_1929-12-01","Site1_1929-12-01_A6","Edgar Anderson","petal length",1.7,"cm"
"Site1_1929-12-01","Site1_1929-12-01_A6","Edgar Anderson","petal width",0.4,"cm"
"Site1_1929-12-01","Site1_1929-12-01_A9","Edgar Anderson","sepal length",4.4,"cm"
"Site1_1929-12-01","Site1_1929-12-01_A9","Edgar Anderson","sepal width",2.9,"cm"
"Site1_1929-12-01","Site1_1929-12-01_A9","Edgar Anderson","petal length",1.4,"cm"
"Site1_1929-12-01","Site1_1929-12-01_A9","Edgar Anderson","petal width",0.2,"cm"
"Site1_1929-12-01","Site1_1929-12-01_A12","Edgar Anderson","sepal length",4.8,"cm"
"Site1_1929-12-01","Site1_1929-12-01_A12","Edgar Anderson","sepal width",3.4,"cm"
"Site1_1929-12-01","Site1_1929-12-01_A12","Edgar Anderson","petal length",1.6,"cm"
"Site1_1929-12-01","Site1_1929-12-01_A12","Edgar Anderson","petal width",0.2,"cm"
"Site1_1929-12-01","Site1_1929-12-01_A15","Edgar Anderson","sepal length",5.8,"cm"
"Site1_1929-12-01","Site1_1929-12-01_A15","Edgar Anderson","sepal width",4,"cm"
"Site1_1929-12-01","Site1_1929-12-01_A15","Edgar Anderson","petal length",1.2,"cm"
"Site1_1929-12-01","Site1_1929-12-01_A15","Edgar Anderson","petal width",0.2,"cm"
"Site2_1930-02-13","Site2_1930-02-13_A17","Edgar Anderson","sepal length",5.4,"cm"
"Site2_1930-02-13","Site2_1930-02-13_A17","Edgar Anderson","sepal width",3.9,"cm"
"Site2_1930-02-13","Site2_1930-02-13_A17","Edgar Anderson","petal length",1.3,"cm"
"Site2_1930-02-13","Site2_1930-02-13_A17","Edgar Anderson","petal width",0.4,"cm"
"Site2_1930-02-13","Site2_1930-02-13_A20","Edgar Anderson","sepal length",5.1,"cm"
"Site2_1930-02-13","Site2_1930-02-13_A20","Edgar Anderson","sepal width",3.8,"cm"
"Site2_1930-02-13","Site2_1930-02-13_A20","Edgar Anderson","petal length",1.5,"cm"
"Site2_1930-02-13","Site2_1930-02-13_A20","Edgar Anderson","petal width",0.3,"cm"
"Site2_1930-02-13","Site2_1930-02-13_A23","Edgar Anderson","sepal length",4.6,"cm"
"Site2_1930-02-13","Site2_1930-02-13_A23","Edgar Anderson","sepal width",3.6,"cm"
"Site2_1930-02-13","Site2_1930-02-13_A23","Edgar Anderson","petal length",1,"cm"
"Site2_1930-02-13","Site2_1930-02-13_A23","Edgar Anderson","petal width",0.2,"cm"
"Site2_1930-02-13","Site2_1930-02-13_A26","Edgar Anderson","sepal length",5,"cm"
"Site2_1930-02-13","Site2_1930-02-13_A26","Edgar Anderson","sepal width",3,"cm"
"Site2_1930-02-13","Site2_1930-02-13_A26","Edgar Anderson","petal length",1.6,"cm"
"Site2_1930-02-13","Site2_1930-02-13_A26","Edgar Anderson","petal width",0.2,"cm"
"Site2_1930-02-13","Site2_1930-02-13_A29","Edgar Anderson","sepal length",5.2,"cm"
"Site2_1930-02-13","Site2_1930-02-13_A29","Edgar Anderson","sepal width",3.4,"cm"
"Site2_1930-02-13","Site2_1930-02-13_A29","Edgar Anderson","petal length",1.4,"cm"
"Site2_1930-02-13","Site2_1930-02-13_A29","Edgar Anderson","petal width",0.2,"cm"
"Site2_1930-02-13","Site2_1930-02-13_A32","Edgar Anderson","sepal length",5.4,"cm"
"Site2_1930-02-13","Site2_1930-02-13_A32","Edgar Anderson","sepal width",3.4,"cm"
"Site2_1930-02-13","Site2_1930-02-13_A32","Edgar Anderson","petal length",1.5,"cm"
"Site2_1930-02-13","Site2_1930-02-13_A32","Edgar Anderson","petal width",0.4,"cm"
"Site2_1930-02-13","Site2_1930-02-13_A35","Edgar Anderson","sepal length",4.9,"cm"
"Site2_1930-02-13","Site2_1930-02-13_A35","Edgar Anderson","sepal width",3.1,"cm"
"Site2_1930-02-13","Site2_1930-02-13_A35","Edgar Anderson","petal length",1.5,"cm"
"Site2_1930-02-13","Site2_1930-02-13_A35","Edgar Anderson","petal width",0.2,"cm"
"Site2_1930-02-13","Site2_1930-02-13_A38","Edgar Anderson","sepal length",4.9,"cm"
"Site2_1930-02-13","Site2_1930-02-13_A38","Edgar Anderson","sepal width",3.6,"cm"
"Site2_1930-02-13","Site2_1930-02-13_A38","Edgar Anderson","petal length",1.4,"cm"
"Site2_1930-02-13","Site2_1930-02-13_A38","Edgar Anderson","petal width",0.1,"cm"
"Site2_1930-02-13","Site2_1930-02-13_A41","Edgar Anderson","sepal length",5,"cm"
"Site2_1930-02-13","Site2_1930-02-13_A41","Edgar Anderson","sepal width",3.5,"cm"
"Site2_1930-02-13","Site2_1930-02-13_A41","Edgar Anderson","petal length",1.3,"cm"
"Site2_1930-02-13","Site2_1930-02-13_A41","Edgar Anderson","petal width",0.3,"cm"
"Site2_1930-02-13","Site2_1930-02-13_A44","Edgar Anderson","sepal length",5,"cm"
"Site2_1930-02-13","Site2_1930-02-13_A44","Edgar Anderson","sepal width",3.5,"cm"
"Site2_1930-02-13","Site2_1930-02-13_A44","Edgar Anderson","petal length",1.6,"cm"
"Site2_1930-02-13","Site2_1930-02-13_A44","Edgar Anderson","petal width",0.6,"cm"
"Site2_1930-02-13","Site2_1930-02-13_A47","Edgar Anderson","sepal length",5.1,"cm"
"Site2_1930-02-13","Site2_1930-02-13_A47","Edgar Anderson","sepal width",3.8,"cm"
"Site2_1930-02-13","Site2_1930-02-13_A47","Edgar Anderson","petal length",1.6,"cm"
"Site2_1930-02-13","Site2_1930-02-13_A47","Edgar Anderson","petal width",0.2,"cm"
"Site2_1930-02-13","Site2_1930-02-13_A50","Edgar Anderson","sepal length",5,"cm"
"Site2_1930-02-13","Site2_1930-02-13_A50","Edgar Anderson","sepal width",3.3,"cm"
"Site2_1930-02-13","Site2_1930-02-13_A50","Edgar Anderson","petal length",1.4,"cm"
"Site2_1930-02-13","Site2_1930-02-13_A50","Edgar Anderson","petal width",0.2,"cm"
"Site2_1930-02-13","Site2_1930-02-13_A53","Edgar Anderson","sepal length",6.9,"cm"
"Site2_1930-02-13","Site2_1930-02-13_A53","Edgar Anderson","sepal width",3.1,"cm"
"Site2_1930-02-13","Site2_1930-02-13_A53","Edgar Anderson","petal length",4.9,"cm"
"Site2_1930-02-13","Site2_1930-02-13_A53","Edgar Anderson","petal width",1.5,"cm"
"Site2_1930-02-13","Site2_1930-02-13_A56","Edgar Anderson","sepal length",5.7,"cm"
"Site2_1930-02-13","Site2_1930-02-13_A56","Edgar Anderson","sepal width",2.8,"cm"
"Site2_1930-02-13","Site2_1930-02-13_A56","Edgar Anderson","petal length",4.5,"cm"
"Site2_1930-02-13","Site2_1930-02-13_A56","Edgar Anderson","petal width",1.3,"cm"
"Site2_1930-02-13","Site2_1930-02-13_A59","Edgar Anderson","sepal length",6.6,"cm"
"Site2_1930-02-13","Site2_1930-02-13_A59","Edgar Anderson","sepal width",2.9,"cm"
"Site2_1930-02-13","Site2_1930-02-13_A59","Edgar Anderson","petal length",4.6,"cm"
"Site2_1930-02-13","Site2_1930-02-13_A59","Edgar Anderson","petal width",1.3,"cm"
"Site2_1930-02-13","Site2_1930-02-13_A62","Edgar Anderson","sepal length",5.9,"cm"
"Site2_1930-02-13","Site2_1930-02-13_A62","Edgar Anderson","sepal width",3,"cm"
"Site2_1930-02-13","Site2_1930-02-13_A62","Edgar Anderson","petal length",4.2,"cm"
"Site2_1930-02-13","Site2_1930-02-13_A62","Edgar Anderson","petal width",1.5,"cm"
"Site2_1930-02-13","Site2_1930-02-13_A65","Edgar Anderson","sepal length",5.6,"cm"
"Site2_1930-02-13","Site2_1930-02-13_A65","Edgar Anderson","sepal width",2.9,"cm"
"Site2_1930-02-13","Site2_1930-02-13_A65","Edgar Anderson","petal length",3.6,"cm"
"Site2_1930-02-13","Site2_1930-02-13_A65","Edgar Anderson","petal width",1.3,"cm"
"Site2_1930-02-13","Site2_1930-02-13_A68","Edgar Anderson","sepal length",5.8,"cm"
"Site2_1930-02-13","Site2_1930-02-13_A68","Edgar Anderson","sepal width",2.7,"cm"
"Site2_1930-02-13","Site2_1930-02-13_A68","Edgar Anderson","petal length",4.1,"cm"
"Site2_1930-02-13","Site2_1930-02-13_A68","Edgar Anderson","petal width",1,"cm"
"Site2_1930-02-13","Site2_1930-02-13_A71","Edgar Anderson","sepal length",5.9,"cm"
"Site2_1930-02-13","Site2_1930-02-13_A71","Edgar Anderson","sepal width",3.2,"cm"
"Site2_1930-02-13","Site2_1930-02-13_A71","Edgar Anderson","petal length",4.8,"cm"
"Site2_1930-02-13","Site2_1930-02-13_A71","Edgar Anderson","petal width",1.8,"cm"
"Site2_1930-02-13","Site2_1930-02-13_A74","Edgar Anderson","sepal length",6.1,"cm"
"Site2_1930-02-13","Site2_1930-02-13_A74","Edgar Anderson","sepal width",2.8,"cm"
"Site2_1930-02-13","Site2_1930-02-13_A74","Edgar Anderson","petal length",4.7,"cm"
"Site2_1930-02-13","Site2_1930-02-13_A74","Edgar Anderson","petal width",1.2,"cm"
"Site2_1930-02-13","Site2_1930-02-13_A77","Edgar Anderson","sepal length",6.8,"cm"
"Site2_1930-02-13","Site2_1930-02-13_A77","Edgar Anderson","sepal width",2.8,"cm"
"Site2_1930-02-13","Site2_1930-02-13_A77","Edgar Anderson","petal length",4.8,"cm"
"Site2_1930-02-13","Site2_1930-02-13_A77","Edgar Anderson","petal width",1.4,"cm"
"Site2_1930-02-13","Site2_1930-02-13_A80","Edgar Anderson","sepal length",5.7,"cm"
"Site2_1930-02-13","Site2_1930-02-13_A80","Edgar Anderson","sepal width",2.6,"cm"
"Site2_1930-02-13","Site2_1930-02-13_A80","Edgar Anderson","petal length",3.5,"cm"
"Site2_1930-02-13","Site2_1930-02-13_A80","Edgar Anderson","petal width",1,"cm"
"Site2_1930-02-13","Site2_1930-02-13_A83","Edgar Anderson","sepal length",5.8,"cm"
"Site2_1930-02-13","Site2_1930-02-13_A83","Edgar Anderson","sepal width",2.7,"cm"
"Site2_1930-02-13","Site2_1930-02-13_A83","Edgar Anderson","petal length",3.9,"cm"
"Site2_1930-02-13","Site2_1930-02-13_A83","Edgar Anderson","petal width",1.2,"cm"
"Site2_1930-02-13","Site2_1930-02-13_A86","Edgar Anderson","sepal length",6,"cm"
"Site2_1930-02-13","Site2_1930-02-13_A86","Edgar Anderson","sepal width",3.4,"cm"
"Site2_1930-02-13","Site2_1930-02-13_A86","Edgar Anderson","petal length",4.5,"cm"
"Site2_1930-02-13","Site2_1930-02-13_A86","Edgar Anderson","petal width",1.6,"cm"
"Site2_1930-02-13","Site2_1930-02-13_A89","Edgar Anderson","sepal length",5.6,"cm"
"Site2_1930-02-13","Site2_1930-02-13_A89","Edgar Anderson","sepal width",3,"cm"
"Site2_1930-02-13","Site2_1930-02-13_A89","Edgar Anderson","petal length",4.1,"cm"
"Site2_1930-02-13","Site2_1930-02-13_A89","Edgar Anderson","petal width",1.3,"cm"
"Site2_1930-02-13","Site2_1930-02-13_A92","Edgar Anderson","sepal length",6.1,"cm"
"Site2_1930-02-13","Site2_1930-02-13_A92","Edgar Anderson","sepal width",3,"cm"
"Site2_1930-02-13","Site2_1930-02-13_A92","Edgar Anderson","petal length",4.6,"cm"
"Site2_1930-02-13","Site2_1930-02-13_A92","Edgar Anderson","petal width",1.4,"cm"
"Site2_1930-02-13","Site2_1930-02-13_A95","Edgar Anderson","sepal length",5.6,"cm"
"Site2_1930-02-13","Site2_1930-02-13_A95","Edgar Anderson","sepal width",2.7,"cm"
"Site2_1930-02-13","Site2_1930-02-13_A95","Edgar Anderson","petal length",4.2,"cm"
"Site2_1930-02-13","Site2_1930-02-13_A95","Edgar Anderson","petal width",1.3,"cm"
"Site2_1930-02-13","Site2_1930-02-13_A98","Edgar Anderson","sepal length",6.2,"cm"
"Site2_1930-02-13","Site2_1930-02-13_A98","Edgar Anderson","sepal width",2.9,"cm"
"Site2_1930-02-13","Site2_1930-02-13_A98","Edgar Anderson","petal length",4.3,"cm"
"Site2_1930-02-13","Site2_1930-02-13_A98","Edgar Anderson","petal width",1.3,"cm"
"Site2_1930-02-13","Site2_1930-02-13_A101","Edgar Anderson","sepal length",6.3,"cm"
"Site2_1930-02-13","Site2_1930-02-13_A101","Edgar Anderson","sepal width",3.3,"cm"
"Site2_1930-02-13","Site2_1930-02-13_A101","Edgar Anderson","petal length",6,"cm"
"Site2_1930-02-13","Site2_1930-02-13_A101","Edgar Anderson","petal width",2.5,"cm"
"Site2_1930-02-13","Site2_1930-02-13_A104","Edgar Anderson","sepal length",6.3,"cm"
"Site2_1930-02-13","Site2_1930-02-13_A104","Edgar Anderson","sepal width",2.9,"cm"
"Site2_1930-02-13","Site2_1930-02-13_A104","Edgar Anderson","petal length",5.6,"cm"
"Site2_1930-02-13","Site2_1930-02-13_A104","Edgar Anderson","petal width",1.8,"cm"
"Site2_1930-02-13","Site2_1930-02-13_A107","Edgar Anderson","sepal length",4.9,"cm"
"Site2_1930-02-13","Site2_1930-02-13_A107","Edgar Anderson","sepal width",2.5,"cm"
"Site2_1930-02-13","Site2_1930-02-13_A107","Edgar Anderson","petal length",4.5,"cm"
"Site2_1930-02-13","Site2_1930-02-13_A107","Edgar Anderson","petal width",1.7,"cm"
"Site2_1930-02-13","Site2_1930-02-13_A110","Edgar Anderson","sepal length",7.2,"cm"
"Site2_1930-02-13","Site2_1930-02-13_A110","Edgar Anderson","sepal width",3.6,"cm"
"Site2_1930-02-13","Site2_1930-02-13_A110","Edgar Anderson","petal length",6.1,"cm"
"Site2_1930-02-13","Site2_1930-02-13_A110","Edgar Anderson","petal width",2.5,"cm"
"Site2_1930-02-13","Site2_1930-02-13_A113","Edgar Anderson","sepal length",6.8,"cm"
"Site2_1930-02-13","Site2_1930-02-13_A113","Edgar Anderson","sepal width",3,"cm"
"Site2_1930-02-13","Site2_1930-02-13_A113","Edgar Anderson","petal length",5.5,"cm"
"Site2_1930-02-13","Site2_1930-02-13_A113","Edgar Anderson","petal width",2.1,"cm"
"Site2_1930-02-13","Site2_1930-02-13_A116","Edgar Anderson","sepal length",6.4,"cm"
"Site2_1930-02-13","Site2_1930-02-13_A116","Edgar Anderson","sepal width",3.2,"cm"
"Site2_1930-02-13","Site2_1930-02-13_A116","Edgar Anderson","petal length",5.3,"cm"
"Site2_1930-02-13","Site2_1930-02-13_A116","Edgar Anderson","petal width",2.3,"cm"
"Site2_1930-02-13","Site2_1930-02-13_A119","Edgar Anderson","sepal length",7.7,"cm"
"Site2_1930-02-13","Site2_1930-02-13_A119","Edgar Anderson","sepal width",2.6,"cm"
"Site2_1930-02-13","Site2_1930-02-13_A119","Edgar Anderson","petal length",6.9,"cm"
"Site2_1930-02-13","Site2_1930-02-13_A119","Edgar Anderson","petal width",2.3,"cm"
"Site2_1930-02-13","Site2_1930-02-13_A122","Edgar Anderson","sepal length",5.6,"cm"
"Site2_1930-02-13","Site2_1930-02-13_A122","Edgar Anderson","sepal width",2.8,"cm"
"Site2_1930-02-13","Site2_1930-02-13_A122","Edgar Anderson","petal length",4.9,"cm"
"Site2_1930-02-13","Site2_1930-02-13_A122","Edgar Anderson","petal width",2,"cm"
"Site2_1930-02-13","Site2_1930-02-13_A125","Edgar Anderson","sepal length",6.7,"cm"
"Site2_1930-02-13","Site2_1930-02-13_A125","Edgar Anderson","sepal width",3.3,"cm"
"Site2_1930-02-13","Site2_1930-02-13_A125","Edgar Anderson","petal length",5.7,"cm"
"Site2_1930-02-13","Site2_1930-02-13_A125","Edgar Anderson","petal width",2.1,"cm"
"Site2_1930-02-13","Site2_1930-02-13_A128","Edgar Anderson","sepal length",6.1,"cm"
"Site2_1930-02-13","Site2_1930-02-13_A128","Edgar Anderson","sepal width",3,"cm"
"Site2_1930-02-13","Site2_1930-02-13_A128","Edgar Anderson","petal length",4.9,"cm"
"Site2_1930-02-13","Site2_1930-02-13_A128","Edgar Anderson","petal width",1.8,"cm"
"Site2_1930-02-13","Site2_1930-02-13_A131","Edgar Anderson","sepal length",7.4,"cm"
"Site2_1930-02-13","Site2_1930-02-13_A131","Edgar Anderson","sepal width",2.8,"cm"
"Site2_1930-02-13","Site2_1930-02-13_A131","Edgar Anderson","petal length",6.1,"cm"
"Site2_1930-02-13","Site2_1930-02-13_A131","Edgar Anderson","petal width",1.9,"cm"
"Site2_1930-02-13","Site2_1930-02-13_A134","Edgar Anderson","sepal length",6.3,"cm"
"Site2_1930-02-13","Site2_1930-02-13_A134","Edgar Anderson","sepal width",2.8,"cm"
"Site2_1930-02-13","Site2_1930-02-13_A134","Edgar Anderson","petal length",5.1,"cm"
"Site2_1930-02-13","Site2_1930-02-13_A134","Edgar Anderson","petal width",1.5,"cm"
"Site2_1930-02-13","Site2_1930-02-13_A137","Edgar Anderson","sepal length",6.3,"cm"
"Site2_1930-02-13","Site2_1930-02-13_A137","Edgar Anderson","sepal width",3.4,"cm"
"Site2_1930-02-13","Site2_1930-02-13_A137","Edgar Anderson","petal length",5.6,"cm"
"Site2_1930-02-13","Site2_1930-02-13_A137","Edgar Anderson","petal width",2.4,"cm"
"Site2_1930-02-13","Site2_1930-02-13_A140","Edgar Anderson","sepal length",6.9,"cm"
"Site2_1930-02-13","Site2_1930-02-13_A140","Edgar Anderson","sepal width",3.1,"cm"
"Site2_1930-02-13","Site2_1930-02-13_A140","Edgar Anderson","petal length",5.4,"cm"
"Site2_1930-02-13","Site2_1930-02-13_A140","Edgar Anderson","petal width",2.1,"cm"
"Site2_1930-02-13","Site2_1930-02-13_A143","Edgar Anderson","sepal length",5.8,"cm"
"Site2_1930-02-13","Site2_1930-02-13_A143","Edgar Anderson","sepal width",2.7,"cm"
"Site2_1930-02-13","Site2_1930-02-13_A143","Edgar Anderson","petal length",5.1,"cm"
"Site2_1930-02-13","Site2_1930-02-13_A143","Edgar Anderson","petal width",1.9,"cm"
"Site2_1930-02-13","Site2_1930-02-13_A146","Edgar Anderson","sepal length",6.7,"cm"
"Site2_1930-02-13","Site2_1930-02-13_A146","Edgar Anderson","sepal width",3,"cm"
"Site2_1930-02-13","Site2_1930-02-13_A146","Edgar Anderson","petal length",5.2,"cm"
"Site2_1930-02-13","Site2_1930-02-13_A146","Edgar Anderson","petal width",2.3,"cm"
"Site2_1930-02-13","Site2_1930-02-13_A149","Edgar Anderson","sepal length",6.2,"cm"
"Site2_1930-02-13","Site2_1930-02-13_A149","Edgar Anderson","sepal width",3.4,"cm"
"Site2_1930-02-13","Site2_1930-02-13_A149","Edgar Anderson","petal length",5.4,"cm"
"Site2_1930-02-13","Site2_1930-02-13_A149","Edgar Anderson","petal width",2.3,"cm"
"Site2_1930-02-13","Site2_1930-02-13_A2","Edgar Anderson","sepal length",4.9,"cm"
"Site2_1930-02-13","Site2_1930-02-13_A2","Edgar Anderson","sepal width",3,"cm"
"Site2_1930-02-13","Site2_1930-02-13_A2","Edgar Anderson","petal length",1.4,"cm"
"Site2_1930-02-13","Site2_1930-02-13_A2","Edgar Anderson","petal width",0.2,"cm"
"Site2_1930-02-13","Site2_1930-02-13_A5","Edgar Anderson","sepal length",5,"cm"
"Site2_1930-02-13","Site2_1930-02-13_A5","Edgar Anderson","sepal width",3.6,"cm"
"Site2_1930-02-13","Site2_1930-02-13_A5","Edgar Anderson","petal length",1.4,"cm"
"Site2_1930-02-13","Site2_1930-02-13_A5","Edgar Anderson","petal width",0.2,"cm"
"Site2_1930-02-13","Site2_1930-02-13_A8","Edgar Anderson","sepal length",5,"cm"
"Site2_1930-02-13","Site2_1930-02-13_A8","Edgar Anderson","sepal width",3.4,"cm"
"Site2_1930-02-13","Site2_1930-02-13_A8","Edgar Anderson","petal length",1.5,"cm"
"Site2_1930-02-13","Site2_1930-02-13_A8","Edgar Anderson","petal width",0.2,"cm"
"Site2_1930-02-13","Site2_1930-02-13_A11","Edgar Anderson","sepal length",5.4,"cm"
"Site2_1930-02-13","Site2_1930-02-13_A11","Edgar Anderson","sepal width",3.7,"cm"
"Site2_1930-02-13","Site2_1930-02-13_A11","Edgar Anderson","petal length",1.5,"cm"
"Site2_1930-02-13","Site2_1930-02-13_A11","Edgar Anderson","petal width",0.2,"cm"
"Site2_1930-02-13","Site2_1930-02-13_A14","Edgar Anderson","sepal length",4.3,"cm"
"Site2_1930-02-13","Site2_1930-02-13_A14","Edgar Anderson","sepal width",3,"cm"
"Site2_1930-02-13","Site2_1930-02-13_A14","Edgar Anderson","petal length",1.1,"cm"
"Site2_1930-02-13","Site2_1930-02-13_A14","Edgar Anderson","petal width",0.1,"cm"
"Site3_1929-12-01","Site3_1929-12-01_A19","Edgar Anderson","sepal length",5.7,"cm"
"Site3_1929-12-01","Site3_1929-12-01_A19","Edgar Anderson","sepal width",3.8,"cm"
"Site3_1929-12-01","Site3_1929-12-01_A19","Edgar Anderson","petal length",1.7,"cm"
"Site3_1929-12-01","Site3_1929-12-01_A19","Edgar Anderson","petal width",0.3,"cm"
"Site3_1929-12-01","Site3_1929-12-01_A22","Edgar Anderson","sepal length",5.1,"cm"
"Site3_1929-12-01","Site3_1929-12-01_A22","Edgar Anderson","sepal width",3.7,"cm"
"Site3_1929-12-01","Site3_1929-12-01_A22","Edgar Anderson","petal length",1.5,"cm"
"Site3_1929-12-01","Site3_1929-12-01_A22","Edgar Anderson","petal width",0.4,"cm"
"Site3_1929-12-01","Site3_1929-12-01_A25","Edgar Anderson","sepal length",4.8,"cm"
"Site3_1929-12-01","Site3_1929-12-01_A25","Edgar Anderson","sepal width",3.4,"cm"
"Site3_1929-12-01","Site3_1929-12-01_A25","Edgar Anderson","petal length",1.9,"cm"
"Site3_1929-12-01","Site3_1929-12-01_A25","Edgar Anderson","petal width",0.2,"cm"
"Site3_1929-12-01","Site3_1929-12-01_A28","Edgar Anderson","sepal length",5.2,"cm"
"Site3_1929-12-01","Site3_1929-12-01_A28","Edgar Anderson","sepal width",3.5,"cm"
"Site3_1929-12-01","Site3_1929-12-01_A28","Edgar Anderson","petal length",1.5,"cm"
"Site3_1929-12-01","Site3_1929-12-01_A28","Edgar Anderson","petal width",0.2,"cm"
"Site3_1929-12-01","Site3_1929-12-01_A31","Edgar Anderson","sepal length",4.8,"cm"
"Site3_1929-12-01","Site3_1929-12-01_A31","Edgar Anderson","sepal width",3.1,"cm"
"Site3_1929-12-01","Site3_1929-12-01_A31","Edgar Anderson","petal length",1.6,"cm"
"Site3_1929-12-01","Site3_1929-12-01_A31","Edgar Anderson","petal width",0.2,"cm"
"Site3_1929-12-01","Site3_1929-12-01_A34","Edgar Anderson","sepal length",5.5,"cm"
"Site3_1929-12-01","Site3_1929-12-01_A34","Edgar Anderson","sepal width",4.2,"cm"
"Site3_1929-12-01","Site3_1929-12-01_A34","Edgar Anderson","petal length",1.4,"cm"
"Site3_1929-12-01","Site3_1929-12-01_A34","Edgar Anderson","petal width",0.2,"cm"
"Site3_1929-12-01","Site3_1929-12-01_A37","Edgar Anderson","sepal length",5.5,"cm"
"Site3_1929-12-01","Site3_1929-12-01_A37","Edgar Anderson","sepal width",3.5,"cm"
"Site3_1929-12-01","Site3_1929-12-01_A37","Edgar Anderson","petal length",1.3,"cm"
"Site3_1929-12-01","Site3_1929-12-01_A37","Edgar Anderson","petal width",0.2,"cm"
"Site3_1929-12-01","Site3_1929-12-01_A40","Edgar Anderson","sepal length",5.1,"cm"
"Site3_1929-12-01","Site3_1929-12-01_A40","Edgar Anderson","sepal width",3.4,"cm"
"Site3_1929-12-01","Site3_1929-12-01_A40","Edgar Anderson","petal length",1.5,"cm"
"Site3_1929-12-01","Site3_1929-12-01_A40","Edgar Anderson","petal width",0.2,"cm"
"Site3_1929-12-01","Site3_1929-12-01_A43","Edgar Anderson","sepal length",4.4,"cm"
"Site3_1929-12-01","Site3_1929-12-01_A43","Edgar Anderson","sepal width",3.2,"cm"
"Site3_1929-12-01","Site3_1929-12-01_A43","Edgar Anderson","petal length",1.3,"cm"
"Site3_1929-12-01","Site3_1929-12-01_A43","Edgar Anderson","petal width",0.2,"cm"
"Site3_1929-12-01","Site3_1929-12-01_A46","Edgar Anderson","sepal length",4.8,"cm"
"Site3_1929-12-01","Site3_1929-12-01_A46","Edgar Anderson","sepal width",3,"cm"
"Site3_1929-12-01","Site3_1929-12-01_A46","Edgar Anderson","petal length",1.4,"cm"
"Site3_1929-12-01","Site3_1929-12-01_A46","Edgar Anderson","petal width",0.3,"cm"
"Site3_1929-12-01","Site3_1929-12-01_A49","Edgar Anderson","sepal length",5.3,"cm"
"Site3_1929-12-01","Site3_1929-12-01_A49","Edgar Anderson","sepal width",3.7,"cm"
"Site3_1929-12-01","Site3_1929-12-01_A49","Edgar Anderson","petal length",1.5,"cm"
"Site3_1929-12-01","Site3_1929-12-01_A49","Edgar Anderson","petal width",0.2,"cm"
"Site3_1929-12-01","Site3_1929-12-01_A52","Edgar Anderson","sepal length",6.4,"cm"
"Site3_1929-12-01","Site3_1929-12-01_A52","Edgar Anderson","sepal width",3.2,"cm"
"Site3_1929-12-01","Site3_1929-12-01_A52","Edgar Anderson","petal length",4.5,"cm"
"Site3_1929-12-01","Site3_1929-12-01_A52","Edgar Anderson","petal width",1.5,"cm"
"Site3_1929-12-01","Site3_1929-12-01_A55","Edgar Anderson","sepal length",6.5,"cm"
"Site3_1929-12-01","Site3_1929-12-01_A55","Edgar Anderson","sepal width",2.8,"cm"
"Site3_1929-12-01","Site3_1929-12-01_A55","Edgar Anderson","petal length",4.6,"cm"
"Site3_1929-12-01","Site3_1929-12-01_A55","Edgar Anderson","petal width",1.5,"cm"
"Site3_1929-12-01","Site3_1929-12-01_A58","Edgar Anderson","sepal length",4.9,"cm"
"Site3_1929-12-01","Site3_1929-12-01_A58","Edgar Anderson","sepal width",2.4,"cm"
"Site3_1929-12-01","Site3_1929-12-01_A58","Edgar Anderson","petal length",3.3,"cm"
"Site3_1929-12-01","Site3_1929-12-01_A58","Edgar Anderson","petal width",1,"cm"
"Site3_1929-12-01","Site3_1929-12-01_A61","Edgar Anderson","sepal length",5,"cm"
"Site3_1929-12-01","Site3_1929-12-01_A61","Edgar Anderson","sepal width",2,"cm"
"Site3_1929-12-01","Site3_1929-12-01_A61","Edgar Anderson","petal length",3.5,"cm"
"Site3_1929-12-01","Site3_1929-12-01_A61","Edgar Anderson","petal width",1,"cm"
"Site3_1929-12-01","Site3_1929-12-01_A64","Edgar Anderson","sepal length",6.1,"cm"
"Site3_1929-12-01","Site3_1929-12-01_A64","Edgar Anderson","sepal width",2.9,"cm"
"Site3_1929-12-01","Site3_1929-12-01_A64","Edgar Anderson","petal length",4.7,"cm"
"Site3_1929-12-01","Site3_1929-12-01_A64","Edgar Anderson","petal width",1.4,"cm"
"Site3_1929-12-01","Site3_1929-12-01_A67","Edgar Anderson","sepal length",5.6,"cm"
"Site3_1929-12-01","Site3_1929-12-01_A67","Edgar Anderson","sepal width",3,"cm"
"Site3_1929-12-01","Site3_1929-12-01_A67","Edgar Anderson","petal length",4.5,"cm"
"Site3_1929-12-01","Site3_1929-12-01_A67","Edgar Anderson","petal width",1.5,"cm"
"Site3_1929-12-01","Site3_1929-12-01_A70","Edgar Anderson","sepal length",5.6,"cm"
"Site3_1929-12-01","Site3_1929-12-01_A70","Edgar Anderson","sepal width",2.5,"cm"
"Site3_1929-12-01","Site3_1929-12-01_A70","Edgar Anderson","petal length",3.9,"cm"
"Site3_1929-12-01","Site3_1929-12-01_A70","Edgar Anderson","petal width",1.1,"cm"
"Site3_1929-12-01","Site3_1929-12-01_A73","Edgar Anderson","sepal length",6.3,"cm"
"Site3_1929-12-01","Site3_1929-12-01_A73","Edgar Anderson","sepal width",2.5,"cm"
"Site3_1929-12-01","Site3_1929-12-01_A73","Edgar Anderson","petal length",4.9,"cm"
"Site3_1929-12-01","Site3_1929-12-01_A73","Edgar Anderson","petal width",1.5,"cm"
"Site3_1929-12-01","Site3_1929-12-01_A76","Edgar Anderson","sepal length",6.6,"cm"
"Site3_1929-12-01","Site3_1929-12-01_A76","Edgar Anderson","sepal width",3,"cm"
"Site3_1929-12-01","Site3_1929-12-01_A76","Edgar Anderson","petal length",4.4,"cm"
"Site3_1929-12-01","Site3_1929-12-01_A76","Edgar Anderson","petal width",1.4,"cm"
"Site3_1929-12-01","Site3_1929-12-01_A79","Edgar Anderson","sepal length",6,"cm"
"Site3_1929-12-01","Site3_1929-12-01_A79","Edgar Anderson","sepal width",2.9,"cm"
"Site3_1929-12-01","Site3_1929-12-01_A79","Edgar Anderson","petal length",4.5,"cm"
"Site3_1929-12-01","Site3_1929-12-01_A79","Edgar Anderson","petal width",1.5,"cm"
"Site3_1929-12-01","Site3_1929-12-01_A82","Edgar Anderson","sepal length",5.5,"cm"
"Site3_1929-12-01","Site3_1929-12-01_A82","Edgar Anderson","sepal width",2.4,"cm"
"Site3_1929-12-01","Site3_1929-12-01_A82","Edgar Anderson","petal length",3.7,"cm"
"Site3_1929-12-01","Site3_1929-12-01_A82","Edgar Anderson","petal width",1,"cm"
"Site3_1929-12-01","Site3_1929-12-01_A85","Edgar Anderson","sepal length",5.4,"cm"
"Site3_1929-12-01","Site3_1929-12-01_A85","Edgar Anderson","sepal width",3,"cm"
"Site3_1929-12-01","Site3_1929-12-01_A85","Edgar Anderson","petal length",4.5,"cm"
"Site3_1929-12-01","Site3_1929-12-01_A85","Edgar Anderson","petal width",1.5,"cm"
"Site3_1929-12-01","Site3_1929-12-01_A88","Edgar Anderson","sepal length",6.3,"cm"
"Site3_1929-12-01","Site3_1929-12-01_A88","Edgar Anderson","sepal width",2.3,"cm"
"Site3_1929-12-01","Site3_1929-12-01_A88","Edgar Anderson","petal length",4.4,"cm"
"Site3_1929-12-01","Site3_1929-12-01_A88","Edgar Anderson","petal width",1.3,"cm"
"Site3_1929-12-01","Site3_1929-12-01_A91","Edgar Anderson","sepal length",5.5,"cm"
"Site3_1929-12-01","Site3_1929-12-01_A91","Edgar Anderson","sepal width",2.6,"cm"
"Site3_1929-12-01","Site3_1929-12-01_A91","Edgar Anderson","petal length",4.4,"cm"
"Site3_1929-12-01","Site3_1929-12-01_A91","Edgar Anderson","petal width",1.2,"cm"
"Site3_1929-12-01","Site3_1929-12-01_A94","Edgar Anderson","sepal length",5,"cm"
"Site3_1929-12-01","Site3_1929-12-01_A94","Edgar Anderson","sepal width",2.3,"cm"
"Site3_1929-12-01","Site3_1929-12-01_A94","Edgar Anderson","petal length",3.3,"cm"
"Site3_1929-12-01","Site3_1929-12-01_A94","Edgar Anderson","petal width",1,"cm"
"Site3_1929-12-01","Site3_1929-12-01_A97","Edgar Anderson","sepal length",5.7,"cm"
"Site3_1929-12-01","Site3_1929-12-01_A97","Edgar Anderson","sepal width",2.9,"cm"
"Site3_1929-12-01","Site3_1929-12-01_A97","Edgar Anderson","petal length",4.2,"cm"
"Site3_1929-12-01","Site3_1929-12-01_A97","Edgar Anderson","petal width",1.3,"cm"
"Site3_1929-12-01","Site3_1929-12-01_A100","Edgar Anderson","sepal length",5.7,"cm"
"Site3_1929-12-01","Site3_1929-12-01_A100","Edgar Anderson","sepal width",2.8,"cm"
"Site3_1929-12-01","Site3_1929-12-01_A100","Edgar Anderson","petal length",4.1,"cm"
"Site3_1929-12-01","Site3_1929-12-01_A100","Edgar Anderson","petal width",1.3,"cm"
"Site3_1929-12-01","Site3_1929-12-01_A103","Edgar Anderson","sepal length",7.1,"cm"
"Site3_1929-12-01","Site3_1929-12-01_A103","Edgar Anderson","sepal width",3,"cm"
"Site3_1929-12-01","Site3_1929-12-01_A103","Edgar Anderson","petal length",5.9,"cm"
"Site3_1929-12-01","Site3_1929-12-01_A103","Edgar Anderson","petal width",2.1,"cm"
"Site3_1929-12-01","Site3_1929-12-01_A106","Edgar Anderson","sepal length",7.6,"cm"
"Site3_1929-12-01","Site3_1929-12-01_A106","Edgar Anderson","sepal width",3,"cm"
"Site3_1929-12-01","Site3_1929-12-01_A106","Edgar Anderson","petal length",6.6,"cm"
"Site3_1929-12-01","Site3_1929-12-01_A106","Edgar Anderson","petal width",2.1,"cm"
"Site3_1929-12-01","Site3_1929-12-01_A109","Edgar Anderson","sepal length",6.7,"cm"
"Site3_1929-12-01","Site3_1929-12-01_A109","Edgar Anderson","sepal width",2.5,"cm"
"Site3_1929-12-01","Site3_1929-12-01_A109","Edgar Anderson","petal length",5.8,"cm"
"Site3_1929-12-01","Site3_1929-12-01_A109","Edgar Anderson","petal width",1.8,"cm"
"Site3_1929-12-01","Site3_1929-12-01_A112","Edgar Anderson","sepal length",6.4,"cm"
"Site3_1929-12-01","Site3_1929-12-01_A112","Edgar Anderson","sepal width",2.7,"cm"
"Site3_1929-12-01","Site3_1929-12-01_A112","Edgar Anderson","petal length",5.3,"cm"
"Site3_1929-12-01","Site3_1929-12-01_A112","Edgar Anderson","petal width",1.9,"cm"
"Site3_1929-12-01","Site3_1929-12-01_A115","Edgar Anderson","sepal length",5.8,"cm"
"Site3_1929-12-01","Site3_1929-12-01_A115","Edgar Anderson","sepal width",2.8,"cm"
"Site3_1929-12-01","Site3_1929-12-01_A115","Edgar Anderson","petal length",5.1,"cm"
"Site3_1929-12-01","Site3_1929-12-01_A115","Edgar Anderson","petal width",2.4,"cm"
"Site3_1929-12-01","Site3_1929-12-01_A118","Edgar Anderson","sepal length",7.7,"cm"
"Site3_1929-12-01","Site3_1929-12-01_A118","Edgar Anderson","sepal width",3.8,"cm"
"Site3_1929-12-01","Site3_1929-12-01_A118","Edgar Anderson","petal length",6.7,"cm"
"Site3_1929-12-01","Site3_1929-12-01_A118","Edgar Anderson","petal width",2.2,"cm"
"Site3_1929-12-01","Site3_1929-12-01_A121","Edgar Anderson","sepal length",6.9,"cm"
"Site3_1929-12-01","Site3_1929-12-01_A121","Edgar Anderson","sepal width",3.2,"cm"
"Site3_1929-12-01","Site3_1929-12-01_A121","Edgar Anderson","petal length",5.7,"cm"
"Site3_1929-12-01","Site3_1929-12-01_A121","Edgar Anderson","petal width",2.3,"cm"
"Site3_1929-12-01","Site3_1929-12-01_A124","Edgar Anderson","sepal length",6.3,"cm"
"Site3_1929-12-01","Site3_1929-12-01_A124","Edgar Anderson","sepal width",2.7,"cm"
"Site3_1929-12-01","Site3_1929-12-01_A124","Edgar Anderson","petal length",4.9,"cm"
"Site3_1929-12-01","Site3_1929-12-01_A124","Edgar Anderson","petal width",1.8,"cm"
"Site3_1929-12-01","Site3_1929-12-01_A127","Edgar Anderson","sepal length",6.2,"cm"
"Site3_1929-12-01","Site3_1929-12-01_A127","Edgar Anderson","sepal width",2.8,"cm"
"Site3_1929-12-01","Site3_1929-12-01_A127","Edgar Anderson","petal length",4.8,"cm"
"Site3_1929-12-01","Site3_1929-12-01_A127","Edgar Anderson","petal width",1.8,"cm"
"Site3_1929-12-01","Site3_1929-12-01_A130","Edgar Anderson","sepal length",7.2,"cm"
"Site3_1929-12-01","Site3_1929-12-01_A130","Edgar Anderson","sepal width",3,"cm"
"Site3_1929-12-01","Site3_1929-12-01_A130","Edgar Anderson","petal length",5.8,"cm"
"Site3_1929-12-01","Site3_1929-12-01_A130","Edgar Anderson","petal width",1.6,"cm"
"Site3_1929-12-01","Site3_1929-12-01_A133","Edgar Anderson","sepal length",6.4,"cm"
"Site3_1929-12-01","Site3_1929-12-01_A133","Edgar Anderson","sepal width",2.8,"cm"
"Site3_1929-12-01","Site3_1929-12-01_A133","Edgar Anderson","petal length",5.6,"cm"
"Site3_1929-12-01","Site3_1929-12-01_A133","Edgar Anderson","petal width",2.2,"cm"
"Site3_1929-12-01","Site3_1929-12-01_A136","Edgar Anderson","sepal length",7.7,"cm"
"Site3_1929-12-01","Site3_1929-12-01_A136","Edgar Anderson","sepal width",3,"cm"
"Site3_1929-12-01","Site3_1929-12-01_A136","Edgar Anderson","petal length",6.1,"cm"
"Site3_1929-12-01","Site3_1929-12-01_A136","Edgar Anderson","petal width",2.3,"cm"
"Site3_1929-12-01","Site3_1929-12-01_A139","Edgar Anderson","sepal length",6,"cm"
"Site3_1929-12-01","Site3_1929-12-01_A139","Edgar Anderson","sepal width",3,"cm"
"Site3_1929-12-01","Site3_1929-12-01_A139","Edgar Anderson","petal length",4.8,"cm"
"Site3_1929-12-01","Site3_1929-12-01_A139","Edgar Anderson","petal width",1.8,"cm"
"Site3_1929-12-01","Site3_1929-12-01_A142","Edgar Anderson","sepal length",6.9,"cm"
"Site3_1929-12-01","Site3_1929-12-01_A142","Edgar Anderson","sepal width",3.1,"cm"
"Site3_1929-12-01","Site3_1929-12-01_A142","Edgar Anderson","petal length",5.1,"cm"
"Site3_1929-12-01","Site3_1929-12-01_A142","Edgar Anderson","petal width",2.3,"cm"
"Site3_1929-12-01","Site3_1929-12-01_A145","Edgar Anderson","sepal length",6.7,"cm"
"Site3_1929-12-01","Site3_1929-12-01_A145","Edgar Anderson","sepal width",3.3,"cm"
"Site3_1929-12-01","Site3_1929-12-01_A145","Edgar Anderson","petal length",5.7,"cm"
"Site3_1929-12-01","Site3_1929-12-01_A145","Edgar Anderson","petal width",2.5,"cm"
"Site3_1929-12-01","Site3_1929-12-01_A148","Edgar Anderson","sepal length",6.5,"cm"
"Site3_1929-12-01","Site3_1929-12-01_A148","Edgar Anderson","sepal width",3,"cm"
"Site3_1929-12-01","Site3_1929-12-01_A148","Edgar Anderson","petal length",5.2,"cm"
"Site3_1929-12-01","Site3_1929-12-01_A148","Edgar Anderson","petal width",2,"cm"
"Site3_1929-12-01","Site3_1929-12-01_A1","Edgar Anderson","sepal length",5.1,"cm"
"Site3_1929-12-01","Site3_1929-12-01_A1","Edgar Anderson","sepal width",3.5,"cm"
"Site3_1929-12-01","Site3_1929-12-01_A1","Edgar Anderson","petal length",1.4,"cm"
"Site3_1929-12-01","Site3_1929-12-01_A1","Edgar Anderson","petal width",0.2,"cm"
"Site3_1929-12-01","Site3_1929-12-01_A4","Edgar Anderson","sepal length",4.6,"cm"
"Site3_1929-12-01","Site3_1929-12-01_A4","Edgar Anderson","sepal width",3.1,"cm"
"Site3_1929-12-01","Site3_1929-12-01_A4","Edgar Anderson","petal length",1.5,"cm"
"Site3_1929-12-01","Site3_1929-12-01_A4","Edgar Anderson","petal width",0.2,"cm"
"Site3_1929-12-01","Site3_1929-12-01_A7","Edgar Anderson","sepal length",4.6,"cm"
"Site3_1929-12-01","Site3_1929-12-01_A7","Edgar Anderson","sepal width",3.4,"cm"
"Site3_1929-12-01","Site3_1929-12-01_A7","Edgar Anderson","petal length",1.4,"cm"
"Site3_1929-12-01","Site3_1929-12-01_A7","Edgar Anderson","petal width",0.3,"cm"
"Site3_1929-12-01","Site3_1929-12-01_A10","Edgar Anderson","sepal length",4.9,"cm"
"Site3_1929-12-01","Site3_1929-12-01_A10","Edgar Anderson","sepal width",3.1,"cm"
"Site3_1929-12-01","Site3_1929-12-01_A10","Edgar Anderson","petal length",1.5,"cm"
"Site3_1929-12-01","Site3_1929-12-01_A10","Edgar Anderson","petal width",0.1,"cm"
"Site3_1929-12-01","Site3_1929-12-01_A13","Edgar Anderson","sepal length",4.8,"cm"
"Site3_1929-12-01","Site3_1929-12-01_A13","Edgar Anderson","sepal width",3,"cm"
"Site3_1929-12-01","Site3_1929-12-01_A13","Edgar Anderson","petal length",1.4,"cm"
"Site3_1929-12-01","Site3_1929-12-01_A13","Edgar Anderson","petal width",0.1,"cm"
"Site3_1929-12-01","Site3_1929-12-01_A16","Edgar Anderson","sepal length",5.7,"cm"
"Site3_1929-12-01","Site3_1929-12-01_A16","Edgar Anderson","sepal width",4.4,"cm"
"Site3_1929-12-01","Site3_1929-12-01_A16","Edgar Anderson","petal length",1.5,"cm"
"Site3_1929-12-01","Site3_1929-12-01_A16","Edgar Anderson","petal width",0.4,"cm"
