"","eventID","occurrenceID","recordedBy","measurementType","measurementValue","measurementUnit"
"1","Site1_1929-12-01","Site1_1929-12-01_A18","Edgar Anderson","sepal length",5.1,"cm"
"2","Site1_1929-12-01","Site1_1929-12-01_A18","Edgar Anderson","sepal width",3.5,"cm"
"3","Site1_1929-12-01","Site1_1929-12-01_A18","Edgar Anderson","petal length",1.4,"cm"
"4","Site1_1929-12-01","Site1_1929-12-01_A18","Edgar Anderson","petal width",0.3,"cm"
"5","Site1_1929-12-01","Site1_1929-12-01_A21","Edgar Anderson","sepal length",5.4,"cm"
"6","Site1_1929-12-01","Site1_1929-12-01_A21","Edgar Anderson","sepal width",3.4,"cm"
"7","Site1_1929-12-01","Site1_1929-12-01_A21","Edgar Anderson","petal length",1.7,"cm"
"8","Site1_1929-12-01","Site1_1929-12-01_A21","Edgar Anderson","petal width",0.2,"cm"
"9","Site1_1929-12-01","Site1_1929-12-01_A24","Edgar Anderson","sepal length",5.1,"cm"
"10","Site1_1929-12-01","Site1_1929-12-01_A24","Edgar Anderson","sepal width",3.3,"cm"
"11","Site1_1929-12-01","Site1_1929-12-01_A24","Edgar Anderson","petal length",1.7,"cm"
"12","Site1_1929-12-01","Site1_1929-12-01_A24","Edgar Anderson","petal width",0.5,"cm"
"13","Site1_1929-12-01","Site1_1929-12-01_A27","Edgar Anderson","sepal length",5,"cm"
"14","Site1_1929-12-01","Site1_1929-12-01_A27","Edgar Anderson","sepal width",3.4,"cm"
"15","Site1_1929-12-01","Site1_1929-12-01_A27","Edgar Anderson","petal length",1.6,"cm"
"16","Site1_1929-12-01","Site1_1929-12-01_A27","Edgar Anderson","petal width",0.4,"cm"
"17","Site1_1929-12-01","Site1_1929-12-01_A30","Edgar Anderson","sepal length",4.7,"cm"
"18","Site1_1929-12-01","Site1_1929-12-01_A30","Edgar Anderson","sepal width",3.2,"cm"
"19","Site1_1929-12-01","Site1_1929-12-01_A30","Edgar Anderson","petal length",1.6,"cm"
"20","Site1_1929-12-01","Site1_1929-12-01_A30","Edgar Anderson","petal width",0.2,"cm"
"21","Site1_1929-12-01","Site1_1929-12-01_A33","Edgar Anderson","sepal length",5.2,"cm"
"22","Site1_1929-12-01","Site1_1929-12-01_A33","Edgar Anderson","sepal width",4.1,"cm"
"23","Site1_1929-12-01","Site1_1929-12-01_A33","Edgar Anderson","petal length",1.5,"cm"
"24","Site1_1929-12-01","Site1_1929-12-01_A33","Edgar Anderson","petal width",0.1,"cm"
"25","Site1_1929-12-01","Site1_1929-12-01_A36","Edgar Anderson","sepal length",5,"cm"
"26","Site1_1929-12-01","Site1_1929-12-01_A36","Edgar Anderson","sepal width",3.2,"cm"
"27","Site1_1929-12-01","Site1_1929-12-01_A36","Edgar Anderson","petal length",1.2,"cm"
"28","Site1_1929-12-01","Site1_1929-12-01_A36","Edgar Anderson","petal width",0.2,"cm"
"29","Site1_1929-12-01","Site1_1929-12-01_A39","Edgar Anderson","sepal length",4.4,"cm"
"30","Site1_1929-12-01","Site1_1929-12-01_A39","Edgar Anderson","sepal width",3,"cm"
"31","Site1_1929-12-01","Site1_1929-12-01_A39","Edgar Anderson","petal length",1.3,"cm"
"32","Site1_1929-12-01","Site1_1929-12-01_A39","Edgar Anderson","petal width",0.2,"cm"
"33","Site1_1929-12-01","Site1_1929-12-01_A42","Edgar Anderson","sepal length",4.5,"cm"
"34","Site1_1929-12-01","Site1_1929-12-01_A42","Edgar Anderson","sepal width",2.3,"cm"
"35","Site1_1929-12-01","Site1_1929-12-01_A42","Edgar Anderson","petal length",1.3,"cm"
"36","Site1_1929-12-01","Site1_1929-12-01_A42","Edgar Anderson","petal width",0.3,"cm"
"37","Site1_1929-12-01","Site1_1929-12-01_A45","Edgar Anderson","sepal length",5.1,"cm"
"38","Site1_1929-12-01","Site1_1929-12-01_A45","Edgar Anderson","sepal width",3.8,"cm"
"39","Site1_1929-12-01","Site1_1929-12-01_A45","Edgar Anderson","petal length",1.9,"cm"
"40","Site1_1929-12-01","Site1_1929-12-01_A45","Edgar Anderson","petal width",0.4,"cm"
"41","Site1_1929-12-01","Site1_1929-12-01_A48","Edgar Anderson","sepal length",4.6,"cm"
"42","Site1_1929-12-01","Site1_1929-12-01_A48","Edgar Anderson","sepal width",3.2,"cm"
"43","Site1_1929-12-01","Site1_1929-12-01_A48","Edgar Anderson","petal length",1.4,"cm"
"44","Site1_1929-12-01","Site1_1929-12-01_A48","Edgar Anderson","petal width",0.2,"cm"
"45","Site1_1929-12-01","Site1_1929-12-01_A51","Edgar Anderson","sepal length",7,"cm"
"46","Site1_1929-12-01","Site1_1929-12-01_A51","Edgar Anderson","sepal width",3.2,"cm"
"47","Site1_1929-12-01","Site1_1929-12-01_A51","Edgar Anderson","petal length",4.7,"cm"
"48","Site1_1929-12-01","Site1_1929-12-01_A51","Edgar Anderson","petal width",1.4,"cm"
"49","Site1_1929-12-01","Site1_1929-12-01_A54","Edgar Anderson","sepal length",5.5,"cm"
"50","Site1_1929-12-01","Site1_1929-12-01_A54","Edgar Anderson","sepal width",2.3,"cm"
"51","Site1_1929-12-01","Site1_1929-12-01_A54","Edgar Anderson","petal length",4,"cm"
"52","Site1_1929-12-01","Site1_1929-12-01_A54","Edgar Anderson","petal width",1.3,"cm"
"53","Site1_1929-12-01","Site1_1929-12-01_A57","Edgar Anderson","sepal length",6.3,"cm"
"54","Site1_1929-12-01","Site1_1929-12-01_A57","Edgar Anderson","sepal width",3.3,"cm"
"55","Site1_1929-12-01","Site1_1929-12-01_A57","Edgar Anderson","petal length",4.7,"cm"
"56","Site1_1929-12-01","Site1_1929-12-01_A57","Edgar Anderson","petal width",1.6,"cm"
"57","Site1_1929-12-01","Site1_1929-12-01_A60","Edgar Anderson","sepal length",5.2,"cm"
"58","Site1_1929-12-01","Site1_1929-12-01_A60","Edgar Anderson","sepal width",2.7,"cm"
"59","Site1_1929-12-01","Site1_1929-12-01_A60","Edgar Anderson","petal length",3.9,"cm"
"60","Site1_1929-12-01","Site1_1929-12-01_A60","Edgar Anderson","petal width",1.4,"cm"
"61","Site1_1929-12-01","Site1_1929-12-01_A63","Edgar Anderson","sepal length",6,"cm"
"62","Site1_1929-12-01","Site1_1929-12-01_A63","Edgar Anderson","sepal width",2.2,"cm"
"63","Site1_1929-12-01","Site1_1929-12-01_A63","Edgar Anderson","petal length",4,"cm"
"64","Site1_1929-12-01","Site1_1929-12-01_A63","Edgar Anderson","petal width",1,"cm"
"65","Site1_1929-12-01","Site1_1929-12-01_A66","Edgar Anderson","sepal length",6.7,"cm"
"66","Site1_1929-12-01","Site1_1929-12-01_A66","Edgar Anderson","sepal width",3.1,"cm"
"67","Site1_1929-12-01","Site1_1929-12-01_A66","Edgar Anderson","petal length",4.4,"cm"
"68","Site1_1929-12-01","Site1_1929-12-01_A66","Edgar Anderson","petal width",1.4,"cm"
"69","Site1_1929-12-01","Site1_1929-12-01_A69","Edgar Anderson","sepal length",6.2,"cm"
"70","Site1_1929-12-01","Site1_1929-12-01_A69","Edgar Anderson","sepal width",2.2,"cm"
"71","Site1_1929-12-01","Site1_1929-12-01_A69","Edgar Anderson","petal length",4.5,"cm"
"72","Site1_1929-12-01","Site1_1929-12-01_A69","Edgar Anderson","petal width",1.5,"cm"
"73","Site1_1929-12-01","Site1_1929-12-01_A72","Edgar Anderson","sepal length",6.1,"cm"
"74","Site1_1929-12-01","Site1_1929-12-01_A72","Edgar Anderson","sepal width",2.8,"cm"
"75","Site1_1929-12-01","Site1_1929-12-01_A72","Edgar Anderson","petal length",4,"cm"
"76","Site1_1929-12-01","Site1_1929-12-01_A72","Edgar Anderson","petal width",1.3,"cm"
"77","Site1_1929-12-01","Site1_1929-12-01_A75","Edgar Anderson","sepal length",6.4,"cm"
"78","Site1_1929-12-01","Site1_1929-12-01_A75","Edgar Anderson","sepal width",2.9,"cm"
"79","Site1_1929-12-01","Site1_1929-12-01_A75","Edgar Anderson","petal length",4.3,"cm"
"80","Site1_1929-12-01","Site1_1929-12-01_A75","Edgar Anderson","petal width",1.3,"cm"
"81","Site1_1929-12-01","Site1_1929-12-01_A78","Edgar Anderson","sepal length",6.7,"cm"
"82","Site1_1929-12-01","Site1_1929-12-01_A78","Edgar Anderson","sepal width",3,"cm"
"83","Site1_1929-12-01","Site1_1929-12-01_A78","Edgar Anderson","petal length",5,"cm"
"84","Site1_1929-12-01","Site1_1929-12-01_A78","Edgar Anderson","petal width",1.7,"cm"
"85","Site1_1929-12-01","Site1_1929-12-01_A81","Edgar Anderson","sepal length",5.5,"cm"
"86","Site1_1929-12-01","Site1_1929-12-01_A81","Edgar Anderson","sepal width",2.4,"cm"
"87","Site1_1929-12-01","Site1_1929-12-01_A81","Edgar Anderson","petal length",3.8,"cm"
"88","Site1_1929-12-01","Site1_1929-12-01_A81","Edgar Anderson","petal width",1.1,"cm"
"89","Site1_1929-12-01","Site1_1929-12-01_A84","Edgar Anderson","sepal length",6,"cm"
"90","Site1_1929-12-01","Site1_1929-12-01_A84","Edgar Anderson","sepal width",2.7,"cm"
"91","Site1_1929-12-01","Site1_1929-12-01_A84","Edgar Anderson","petal length",5.1,"cm"
"92","Site1_1929-12-01","Site1_1929-12-01_A84","Edgar Anderson","petal width",1.6,"cm"
"93","Site1_1929-12-01","Site1_1929-12-01_A87","Edgar Anderson","sepal length",6.7,"cm"
"94","Site1_1929-12-01","Site1_1929-12-01_A87","Edgar Anderson","sepal width",3.1,"cm"
"95","Site1_1929-12-01","Site1_1929-12-01_A87","Edgar Anderson","petal length",4.7,"cm"
"96","Site1_1929-12-01","Site1_1929-12-01_A87","Edgar Anderson","petal width",1.5,"cm"
"97","Site1_1929-12-01","Site1_1929-12-01_A90","Edgar Anderson","sepal length",5.5,"cm"
"98","Site1_1929-12-01","Site1_1929-12-01_A90","Edgar Anderson","sepal width",2.5,"cm"
"99","Site1_1929-12-01","Site1_1929-12-01_A90","Edgar Anderson","petal length",4,"cm"
"100","Site1_1929-12-01","Site1_1929-12-01_A90","Edgar Anderson","petal width",1.3,"cm"
"101","Site1_1929-12-01","Site1_1929-12-01_A93","Edgar Anderson","sepal length",5.8,"cm"
"102","Site1_1929-12-01","Site1_1929-12-01_A93","Edgar Anderson","sepal width",2.6,"cm"
"103","Site1_1929-12-01","Site1_1929-12-01_A93","Edgar Anderson","petal length",4,"cm"
"104","Site1_1929-12-01","Site1_1929-12-01_A93","Edgar Anderson","petal width",1.2,"cm"
"105","Site1_1929-12-01","Site1_1929-12-01_A96","Edgar Anderson","sepal length",5.7,"cm"
"106","Site1_1929-12-01","Site1_1929-12-01_A96","Edgar Anderson","sepal width",3,"cm"
"107","Site1_1929-12-01","Site1_1929-12-01_A96","Edgar Anderson","petal length",4.2,"cm"
"108","Site1_1929-12-01","Site1_1929-12-01_A96","Edgar Anderson","petal width",1.2,"cm"
"109","Site1_1929-12-01","Site1_1929-12-01_A99","Edgar Anderson","sepal length",5.1,"cm"
"110","Site1_1929-12-01","Site1_1929-12-01_A99","Edgar Anderson","sepal width",2.5,"cm"
"111","Site1_1929-12-01","Site1_1929-12-01_A99","Edgar Anderson","petal length",3,"cm"
"112","Site1_1929-12-01","Site1_1929-12-01_A99","Edgar Anderson","petal width",1.1,"cm"
"113","Site1_1929-12-01","Site1_1929-12-01_A102","Edgar Anderson","sepal length",5.8,"cm"
"114","Site1_1929-12-01","Site1_1929-12-01_A102","Edgar Anderson","sepal width",2.7,"cm"
"115","Site1_1929-12-01","Site1_1929-12-01_A102","Edgar Anderson","petal length",5.1,"cm"
"116","Site1_1929-12-01","Site1_1929-12-01_A102","Edgar Anderson","petal width",1.9,"cm"
"117","Site1_1929-12-01","Site1_1929-12-01_A105","Edgar Anderson","sepal length",6.5,"cm"
"118","Site1_1929-12-01","Site1_1929-12-01_A105","Edgar Anderson","sepal width",3,"cm"
"119","Site1_1929-12-01","Site1_1929-12-01_A105","Edgar Anderson","petal length",5.8,"cm"
"120","Site1_1929-12-01","Site1_1929-12-01_A105","Edgar Anderson","petal width",2.2,"cm"
"121","Site1_1929-12-01","Site1_1929-12-01_A108","Edgar Anderson","sepal length",7.3,"cm"
"122","Site1_1929-12-01","Site1_1929-12-01_A108","Edgar Anderson","sepal width",2.9,"cm"
"123","Site1_1929-12-01","Site1_1929-12-01_A108","Edgar Anderson","petal length",6.3,"cm"
"124","Site1_1929-12-01","Site1_1929-12-01_A108","Edgar Anderson","petal width",1.8,"cm"
"125","Site1_1929-12-01","Site1_1929-12-01_A111","Edgar Anderson","sepal length",6.5,"cm"
"126","Site1_1929-12-01","Site1_1929-12-01_A111","Edgar Anderson","sepal width",3.2,"cm"
"127","Site1_1929-12-01","Site1_1929-12-01_A111","Edgar Anderson","petal length",5.1,"cm"
"128","Site1_1929-12-01","Site1_1929-12-01_A111","Edgar Anderson","petal width",2,"cm"
"129","Site1_1929-12-01","Site1_1929-12-01_A114","Edgar Anderson","sepal length",5.7,"cm"
"130","Site1_1929-12-01","Site1_1929-12-01_A114","Edgar Anderson","sepal width",2.5,"cm"
"131","Site1_1929-12-01","Site1_1929-12-01_A114","Edgar Anderson","petal length",5,"cm"
"132","Site1_1929-12-01","Site1_1929-12-01_A114","Edgar Anderson","petal width",2,"cm"
"133","Site1_1929-12-01","Site1_1929-12-01_A117","Edgar Anderson","sepal length",6.5,"cm"
"134","Site1_1929-12-01","Site1_1929-12-01_A117","Edgar Anderson","sepal width",3,"cm"
"135","Site1_1929-12-01","Site1_1929-12-01_A117","Edgar Anderson","petal length",5.5,"cm"
"136","Site1_1929-12-01","Site1_1929-12-01_A117","Edgar Anderson","petal width",1.8,"cm"
"137","Site1_1929-12-01","Site1_1929-12-01_A120","Edgar Anderson","sepal length",6,"cm"
"138","Site1_1929-12-01","Site1_1929-12-01_A120","Edgar Anderson","sepal width",2.2,"cm"
"139","Site1_1929-12-01","Site1_1929-12-01_A120","Edgar Anderson","petal length",5,"cm"
"140","Site1_1929-12-01","Site1_1929-12-01_A120","Edgar Anderson","petal width",1.5,"cm"
"141","Site1_1929-12-01","Site1_1929-12-01_A123","Edgar Anderson","sepal length",7.7,"cm"
"142","Site1_1929-12-01","Site1_1929-12-01_A123","Edgar Anderson","sepal width",2.8,"cm"
"143","Site1_1929-12-01","Site1_1929-12-01_A123","Edgar Anderson","petal length",6.7,"cm"
"144","Site1_1929-12-01","Site1_1929-12-01_A123","Edgar Anderson","petal width",2,"cm"
"145","Site1_1929-12-01","Site1_1929-12-01_A126","Edgar Anderson","sepal length",7.2,"cm"
"146","Site1_1929-12-01","Site1_1929-12-01_A126","Edgar Anderson","sepal width",3.2,"cm"
"147","Site1_1929-12-01","Site1_1929-12-01_A126","Edgar Anderson","petal length",6,"cm"
"148","Site1_1929-12-01","Site1_1929-12-01_A126","Edgar Anderson","petal width",1.8,"cm"
"149","Site1_1929-12-01","Site1_1929-12-01_A129","Edgar Anderson","sepal length",6.4,"cm"
"150","Site1_1929-12-01","Site1_1929-12-01_A129","Edgar Anderson","sepal width",2.8,"cm"
"151","Site1_1929-12-01","Site1_1929-12-01_A129","Edgar Anderson","petal length",5.6,"cm"
"152","Site1_1929-12-01","Site1_1929-12-01_A129","Edgar Anderson","petal width",2.1,"cm"
"153","Site1_1929-12-01","Site1_1929-12-01_A132","Edgar Anderson","sepal length",7.9,"cm"
"154","Site1_1929-12-01","Site1_1929-12-01_A132","Edgar Anderson","sepal width",3.8,"cm"
"155","Site1_1929-12-01","Site1_1929-12-01_A132","Edgar Anderson","petal length",6.4,"cm"
"156","Site1_1929-12-01","Site1_1929-12-01_A132","Edgar Anderson","petal width",2,"cm"
"157","Site1_1929-12-01","Site1_1929-12-01_A135","Edgar Anderson","sepal length",6.1,"cm"
"158","Site1_1929-12-01","Site1_1929-12-01_A135","Edgar Anderson","sepal width",2.6,"cm"
"159","Site1_1929-12-01","Site1_1929-12-01_A135","Edgar Anderson","petal length",5.6,"cm"
"160","Site1_1929-12-01","Site1_1929-12-01_A135","Edgar Anderson","petal width",1.4,"cm"
"161","Site1_1929-12-01","Site1_1929-12-01_A138","Edgar Anderson","sepal length",6.4,"cm"
"162","Site1_1929-12-01","Site1_1929-12-01_A138","Edgar Anderson","sepal width",3.1,"cm"
"163","Site1_1929-12-01","Site1_1929-12-01_A138","Edgar Anderson","petal length",5.5,"cm"
"164","Site1_1929-12-01","Site1_1929-12-01_A138","Edgar Anderson","petal width",1.8,"cm"
"165","Site1_1929-12-01","Site1_1929-12-01_A141","Edgar Anderson","sepal length",6.7,"cm"
"166","Site1_1929-12-01","Site1_1929-12-01_A141","Edgar Anderson","sepal width",3.1,"cm"
"167","Site1_1929-12-01","Site1_1929-12-01_A141","Edgar Anderson","petal length",5.6,"cm"
"168","Site1_1929-12-01","Site1_1929-12-01_A141","Edgar Anderson","petal width",2.4,"cm"
"169","Site1_1929-12-01","Site1_1929-12-01_A144","Edgar Anderson","sepal length",6.8,"cm"
"170","Site1_1929-12-01","Site1_1929-12-01_A144","Edgar Anderson","sepal width",3.2,"cm"
"171","Site1_1929-12-01","Site1_1929-12-01_A144","Edgar Anderson","petal length",5.9,"cm"
"172","Site1_1929-12-01","Site1_1929-12-01_A144","Edgar Anderson","petal width",2.3,"cm"
"173","Site1_1929-12-01","Site1_1929-12-01_A147","Edgar Anderson","sepal length",6.3,"cm"
"174","Site1_1929-12-01","Site1_1929-12-01_A147","Edgar Anderson","sepal width",2.5,"cm"
"175","Site1_1929-12-01","Site1_1929-12-01_A147","Edgar Anderson","petal length",5,"cm"
"176","Site1_1929-12-01","Site1_1929-12-01_A147","Edgar Anderson","petal width",1.9,"cm"
"177","Site1_1929-12-01","Site1_1929-12-01_A150","Edgar Anderson","sepal length",5.9,"cm"
"178","Site1_1929-12-01","Site1_1929-12-01_A150","Edgar Anderson","sepal width",3,"cm"
"179","Site1_1929-12-01","Site1_1929-12-01_A150","Edgar Anderson","petal length",5.1,"cm"
"180","Site1_1929-12-01","Site1_1929-12-01_A150","Edgar Anderson","petal width",1.8,"cm"
"181","Site1_1929-12-01","Site1_1929-12-01_A3","Edgar Anderson","sepal length",4.7,"cm"
"182","Site1_1929-12-01","Site1_1929-12-01_A3","Edgar Anderson","sepal width",3.2,"cm"
"183","Site1_1929-12-01","Site1_1929-12-01_A3","Edgar Anderson","petal length",1.3,"cm"
"184","Site1_1929-12-01","Site1_1929-12-01_A3","Edgar Anderson","petal width",0.2,"cm"
"185","Site1_1929-12-01","Site1_1929-12-01_A6","Edgar Anderson","sepal length",5.4,"cm"
"186","Site1_1929-12-01","Site1_1929-12-01_A6","Edgar Anderson","sepal width",3.9,"cm"
"187","Site1_1929-12-01","Site1_1929-12-01_A6","Edgar Anderson","petal length",1.7,"cm"
"188","Site1_1929-12-01","Site1_1929-12-01_A6","Edgar Anderson","petal width",0.4,"cm"
"189","Site1_1929-12-01","Site1_1929-12-01_A9","Edgar Anderson","sepal length",4.4,"cm"
"190","Site1_1929-12-01","Site1_1929-12-01_A9","Edgar Anderson","sepal width",2.9,"cm"
"191","Site1_1929-12-01","Site1_1929-12-01_A9","Edgar Anderson","petal length",1.4,"cm"
"192","Site1_1929-12-01","Site1_1929-12-01_A9","Edgar Anderson","petal width",0.2,"cm"
"193","Site1_1929-12-01","Site1_1929-12-01_A12","Edgar Anderson","sepal length",4.8,"cm"
"194","Site1_1929-12-01","Site1_1929-12-01_A12","Edgar Anderson","sepal width",3.4,"cm"
"195","Site1_1929-12-01","Site1_1929-12-01_A12","Edgar Anderson","petal length",1.6,"cm"
"196","Site1_1929-12-01","Site1_1929-12-01_A12","Edgar Anderson","petal width",0.2,"cm"
"197","Site1_1929-12-01","Site1_1929-12-01_A15","Edgar Anderson","sepal length",5.8,"cm"
"198","Site1_1929-12-01","Site1_1929-12-01_A15","Edgar Anderson","sepal width",4,"cm"
"199","Site1_1929-12-01","Site1_1929-12-01_A15","Edgar Anderson","petal length",1.2,"cm"
"200","Site1_1929-12-01","Site1_1929-12-01_A15","Edgar Anderson","petal width",0.2,"cm"
"201","Site2_1930-02-13","Site2_1930-02-13_A17","Edgar Anderson","sepal length",5.4,"cm"
"202","Site2_1930-02-13","Site2_1930-02-13_A17","Edgar Anderson","sepal width",3.9,"cm"
"203","Site2_1930-02-13","Site2_1930-02-13_A17","Edgar Anderson","petal length",1.3,"cm"
"204","Site2_1930-02-13","Site2_1930-02-13_A17","Edgar Anderson","petal width",0.4,"cm"
"205","Site2_1930-02-13","Site2_1930-02-13_A20","Edgar Anderson","sepal length",5.1,"cm"
"206","Site2_1930-02-13","Site2_1930-02-13_A20","Edgar Anderson","sepal width",3.8,"cm"
"207","Site2_1930-02-13","Site2_1930-02-13_A20","Edgar Anderson","petal length",1.5,"cm"
"208","Site2_1930-02-13","Site2_1930-02-13_A20","Edgar Anderson","petal width",0.3,"cm"
"209","Site2_1930-02-13","Site2_1930-02-13_A23","Edgar Anderson","sepal length",4.6,"cm"
"210","Site2_1930-02-13","Site2_1930-02-13_A23","Edgar Anderson","sepal width",3.6,"cm"
"211","Site2_1930-02-13","Site2_1930-02-13_A23","Edgar Anderson","petal length",1,"cm"
"212","Site2_1930-02-13","Site2_1930-02-13_A23","Edgar Anderson","petal width",0.2,"cm"
"213","Site2_1930-02-13","Site2_1930-02-13_A26","Edgar Anderson","sepal length",5,"cm"
"214","Site2_1930-02-13","Site2_1930-02-13_A26","Edgar Anderson","sepal width",3,"cm"
"215","Site2_1930-02-13","Site2_1930-02-13_A26","Edgar Anderson","petal length",1.6,"cm"
"216","Site2_1930-02-13","Site2_1930-02-13_A26","Edgar Anderson","petal width",0.2,"cm"
"217","Site2_1930-02-13","Site2_1930-02-13_A29","Edgar Anderson","sepal length",5.2,"cm"
"218","Site2_1930-02-13","Site2_1930-02-13_A29","Edgar Anderson","sepal width",3.4,"cm"
"219","Site2_1930-02-13","Site2_1930-02-13_A29","Edgar Anderson","petal length",1.4,"cm"
"220","Site2_1930-02-13","Site2_1930-02-13_A29","Edgar Anderson","petal width",0.2,"cm"
"221","Site2_1930-02-13","Site2_1930-02-13_A32","Edgar Anderson","sepal length",5.4,"cm"
"222","Site2_1930-02-13","Site2_1930-02-13_A32","Edgar Anderson","sepal width",3.4,"cm"
"223","Site2_1930-02-13","Site2_1930-02-13_A32","Edgar Anderson","petal length",1.5,"cm"
"224","Site2_1930-02-13","Site2_1930-02-13_A32","Edgar Anderson","petal width",0.4,"cm"
"225","Site2_1930-02-13","Site2_1930-02-13_A35","Edgar Anderson","sepal length",4.9,"cm"
"226","Site2_1930-02-13","Site2_1930-02-13_A35","Edgar Anderson","sepal width",3.1,"cm"
"227","Site2_1930-02-13","Site2_1930-02-13_A35","Edgar Anderson","petal length",1.5,"cm"
"228","Site2_1930-02-13","Site2_1930-02-13_A35","Edgar Anderson","petal width",0.2,"cm"
"229","Site2_1930-02-13","Site2_1930-02-13_A38","Edgar Anderson","sepal length",4.9,"cm"
"230","Site2_1930-02-13","Site2_1930-02-13_A38","Edgar Anderson","sepal width",3.6,"cm"
"231","Site2_1930-02-13","Site2_1930-02-13_A38","Edgar Anderson","petal length",1.4,"cm"
"232","Site2_1930-02-13","Site2_1930-02-13_A38","Edgar Anderson","petal width",0.1,"cm"
"233","Site2_1930-02-13","Site2_1930-02-13_A41","Edgar Anderson","sepal length",5,"cm"
"234","Site2_1930-02-13","Site2_1930-02-13_A41","Edgar Anderson","sepal width",3.5,"cm"
"235","Site2_1930-02-13","Site2_1930-02-13_A41","Edgar Anderson","petal length",1.3,"cm"
"236","Site2_1930-02-13","Site2_1930-02-13_A41","Edgar Anderson","petal width",0.3,"cm"
"237","Site2_1930-02-13","Site2_1930-02-13_A44","Edgar Anderson","sepal length",5,"cm"
"238","Site2_1930-02-13","Site2_1930-02-13_A44","Edgar Anderson","sepal width",3.5,"cm"
"239","Site2_1930-02-13","Site2_1930-02-13_A44","Edgar Anderson","petal length",1.6,"cm"
"240","Site2_1930-02-13","Site2_1930-02-13_A44","Edgar Anderson","petal width",0.6,"cm"
"241","Site2_1930-02-13","Site2_1930-02-13_A47","Edgar Anderson","sepal length",5.1,"cm"
"242","Site2_1930-02-13","Site2_1930-02-13_A47","Edgar Anderson","sepal width",3.8,"cm"
"243","Site2_1930-02-13","Site2_1930-02-13_A47","Edgar Anderson","petal length",1.6,"cm"
"244","Site2_1930-02-13","Site2_1930-02-13_A47","Edgar Anderson","petal width",0.2,"cm"
"245","Site2_1930-02-13","Site2_1930-02-13_A50","Edgar Anderson","sepal length",5,"cm"
"246","Site2_1930-02-13","Site2_1930-02-13_A50","Edgar Anderson","sepal width",3.3,"cm"
"247","Site2_1930-02-13","Site2_1930-02-13_A50","Edgar Anderson","petal length",1.4,"cm"
"248","Site2_1930-02-13","Site2_1930-02-13_A50","Edgar Anderson","petal width",0.2,"cm"
"249","Site2_1930-02-13","Site2_1930-02-13_A53","Edgar Anderson","sepal length",6.9,"cm"
"250","Site2_1930-02-13","Site2_1930-02-13_A53","Edgar Anderson","sepal width",3.1,"cm"
"251","Site2_1930-02-13","Site2_1930-02-13_A53","Edgar Anderson","petal length",4.9,"cm"
"252","Site2_1930-02-13","Site2_1930-02-13_A53","Edgar Anderson","petal width",1.5,"cm"
"253","Site2_1930-02-13","Site2_1930-02-13_A56","Edgar Anderson","sepal length",5.7,"cm"
"254","Site2_1930-02-13","Site2_1930-02-13_A56","Edgar Anderson","sepal width",2.8,"cm"
"255","Site2_1930-02-13","Site2_1930-02-13_A56","Edgar Anderson","petal length",4.5,"cm"
"256","Site2_1930-02-13","Site2_1930-02-13_A56","Edgar Anderson","petal width",1.3,"cm"
"257","Site2_1930-02-13","Site2_1930-02-13_A59","Edgar Anderson","sepal length",6.6,"cm"
"258","Site2_1930-02-13","Site2_1930-02-13_A59","Edgar Anderson","sepal width",2.9,"cm"
"259","Site2_1930-02-13","Site2_1930-02-13_A59","Edgar Anderson","petal length",4.6,"cm"
"260","Site2_1930-02-13","Site2_1930-02-13_A59","Edgar Anderson","petal width",1.3,"cm"
"261","Site2_1930-02-13","Site2_1930-02-13_A62","Edgar Anderson","sepal length",5.9,"cm"
"262","Site2_1930-02-13","Site2_1930-02-13_A62","Edgar Anderson","sepal width",3,"cm"
"263","Site2_1930-02-13","Site2_1930-02-13_A62","Edgar Anderson","petal length",4.2,"cm"
"264","Site2_1930-02-13","Site2_1930-02-13_A62","Edgar Anderson","petal width",1.5,"cm"
"265","Site2_1930-02-13","Site2_1930-02-13_A65","Edgar Anderson","sepal length",5.6,"cm"
"266","Site2_1930-02-13","Site2_1930-02-13_A65","Edgar Anderson","sepal width",2.9,"cm"
"267","Site2_1930-02-13","Site2_1930-02-13_A65","Edgar Anderson","petal length",3.6,"cm"
"268","Site2_1930-02-13","Site2_1930-02-13_A65","Edgar Anderson","petal width",1.3,"cm"
"269","Site2_1930-02-13","Site2_1930-02-13_A68","Edgar Anderson","sepal length",5.8,"cm"
"270","Site2_1930-02-13","Site2_1930-02-13_A68","Edgar Anderson","sepal width",2.7,"cm"
"271","Site2_1930-02-13","Site2_1930-02-13_A68","Edgar Anderson","petal length",4.1,"cm"
"272","Site2_1930-02-13","Site2_1930-02-13_A68","Edgar Anderson","petal width",1,"cm"
"273","Site2_1930-02-13","Site2_1930-02-13_A71","Edgar Anderson","sepal length",5.9,"cm"
"274","Site2_1930-02-13","Site2_1930-02-13_A71","Edgar Anderson","sepal width",3.2,"cm"
"275","Site2_1930-02-13","Site2_1930-02-13_A71","Edgar Anderson","petal length",4.8,"cm"
"276","Site2_1930-02-13","Site2_1930-02-13_A71","Edgar Anderson","petal width",1.8,"cm"
"277","Site2_1930-02-13","Site2_1930-02-13_A74","Edgar Anderson","sepal length",6.1,"cm"
"278","Site2_1930-02-13","Site2_1930-02-13_A74","Edgar Anderson","sepal width",2.8,"cm"
"279","Site2_1930-02-13","Site2_1930-02-13_A74","Edgar Anderson","petal length",4.7,"cm"
"280","Site2_1930-02-13","Site2_1930-02-13_A74","Edgar Anderson","petal width",1.2,"cm"
"281","Site2_1930-02-13","Site2_1930-02-13_A77","Edgar Anderson","sepal length",6.8,"cm"
"282","Site2_1930-02-13","Site2_1930-02-13_A77","Edgar Anderson","sepal width",2.8,"cm"
"283","Site2_1930-02-13","Site2_1930-02-13_A77","Edgar Anderson","petal length",4.8,"cm"
"284","Site2_1930-02-13","Site2_1930-02-13_A77","Edgar Anderson","petal width",1.4,"cm"
"285","Site2_1930-02-13","Site2_1930-02-13_A80","Edgar Anderson","sepal length",5.7,"cm"
"286","Site2_1930-02-13","Site2_1930-02-13_A80","Edgar Anderson","sepal width",2.6,"cm"
"287","Site2_1930-02-13","Site2_1930-02-13_A80","Edgar Anderson","petal length",3.5,"cm"
"288","Site2_1930-02-13","Site2_1930-02-13_A80","Edgar Anderson","petal width",1,"cm"
"289","Site2_1930-02-13","Site2_1930-02-13_A83","Edgar Anderson","sepal length",5.8,"cm"
"290","Site2_1930-02-13","Site2_1930-02-13_A83","Edgar Anderson","sepal width",2.7,"cm"
"291","Site2_1930-02-13","Site2_1930-02-13_A83","Edgar Anderson","petal length",3.9,"cm"
"292","Site2_1930-02-13","Site2_1930-02-13_A83","Edgar Anderson","petal width",1.2,"cm"
"293","Site2_1930-02-13","Site2_1930-02-13_A86","Edgar Anderson","sepal length",6,"cm"
"294","Site2_1930-02-13","Site2_1930-02-13_A86","Edgar Anderson","sepal width",3.4,"cm"
"295","Site2_1930-02-13","Site2_1930-02-13_A86","Edgar Anderson","petal length",4.5,"cm"
"296","Site2_1930-02-13","Site2_1930-02-13_A86","Edgar Anderson","petal width",1.6,"cm"
"297","Site2_1930-02-13","Site2_1930-02-13_A89","Edgar Anderson","sepal length",5.6,"cm"
"298","Site2_1930-02-13","Site2_1930-02-13_A89","Edgar Anderson","sepal width",3,"cm"
"299","Site2_1930-02-13","Site2_1930-02-13_A89","Edgar Anderson","petal length",4.1,"cm"
"300","Site2_1930-02-13","Site2_1930-02-13_A89","Edgar Anderson","petal width",1.3,"cm"
"301","Site2_1930-02-13","Site2_1930-02-13_A92","Edgar Anderson","sepal length",6.1,"cm"
"302","Site2_1930-02-13","Site2_1930-02-13_A92","Edgar Anderson","sepal width",3,"cm"
"303","Site2_1930-02-13","Site2_1930-02-13_A92","Edgar Anderson","petal length",4.6,"cm"
"304","Site2_1930-02-13","Site2_1930-02-13_A92","Edgar Anderson","petal width",1.4,"cm"
"305","Site2_1930-02-13","Site2_1930-02-13_A95","Edgar Anderson","sepal length",5.6,"cm"
"306","Site2_1930-02-13","Site2_1930-02-13_A95","Edgar Anderson","sepal width",2.7,"cm"
"307","Site2_1930-02-13","Site2_1930-02-13_A95","Edgar Anderson","petal length",4.2,"cm"
"308","Site2_1930-02-13","Site2_1930-02-13_A95","Edgar Anderson","petal width",1.3,"cm"
"309","Site2_1930-02-13","Site2_1930-02-13_A98","Edgar Anderson","sepal length",6.2,"cm"
"310","Site2_1930-02-13","Site2_1930-02-13_A98","Edgar Anderson","sepal width",2.9,"cm"
"311","Site2_1930-02-13","Site2_1930-02-13_A98","Edgar Anderson","petal length",4.3,"cm"
"312","Site2_1930-02-13","Site2_1930-02-13_A98","Edgar Anderson","petal width",1.3,"cm"
"313","Site2_1930-02-13","Site2_1930-02-13_A101","Edgar Anderson","sepal length",6.3,"cm"
"314","Site2_1930-02-13","Site2_1930-02-13_A101","Edgar Anderson","sepal width",3.3,"cm"
"315","Site2_1930-02-13","Site2_1930-02-13_A101","Edgar Anderson","petal length",6,"cm"
"316","Site2_1930-02-13","Site2_1930-02-13_A101","Edgar Anderson","petal width",2.5,"cm"
"317","Site2_1930-02-13","Site2_1930-02-13_A104","Edgar Anderson","sepal length",6.3,"cm"
"318","Site2_1930-02-13","Site2_1930-02-13_A104","Edgar Anderson","sepal width",2.9,"cm"
"319","Site2_1930-02-13","Site2_1930-02-13_A104","Edgar Anderson","petal length",5.6,"cm"
"320","Site2_1930-02-13","Site2_1930-02-13_A104","Edgar Anderson","petal width",1.8,"cm"
"321","Site2_1930-02-13","Site2_1930-02-13_A107","Edgar Anderson","sepal length",4.9,"cm"
"322","Site2_1930-02-13","Site2_1930-02-13_A107","Edgar Anderson","sepal width",2.5,"cm"
"323","Site2_1930-02-13","Site2_1930-02-13_A107","Edgar Anderson","petal length",4.5,"cm"
"324","Site2_1930-02-13","Site2_1930-02-13_A107","Edgar Anderson","petal width",1.7,"cm"
"325","Site2_1930-02-13","Site2_1930-02-13_A110","Edgar Anderson","sepal length",7.2,"cm"
"326","Site2_1930-02-13","Site2_1930-02-13_A110","Edgar Anderson","sepal width",3.6,"cm"
"327","Site2_1930-02-13","Site2_1930-02-13_A110","Edgar Anderson","petal length",6.1,"cm"
"328","Site2_1930-02-13","Site2_1930-02-13_A110","Edgar Anderson","petal width",2.5,"cm"
"329","Site2_1930-02-13","Site2_1930-02-13_A113","Edgar Anderson","sepal length",6.8,"cm"
"330","Site2_1930-02-13","Site2_1930-02-13_A113","Edgar Anderson","sepal width",3,"cm"
"331","Site2_1930-02-13","Site2_1930-02-13_A113","Edgar Anderson","petal length",5.5,"cm"
"332","Site2_1930-02-13","Site2_1930-02-13_A113","Edgar Anderson","petal width",2.1,"cm"
"333","Site2_1930-02-13","Site2_1930-02-13_A116","Edgar Anderson","sepal length",6.4,"cm"
"334","Site2_1930-02-13","Site2_1930-02-13_A116","Edgar Anderson","sepal width",3.2,"cm"
"335","Site2_1930-02-13","Site2_1930-02-13_A116","Edgar Anderson","petal length",5.3,"cm"
"336","Site2_1930-02-13","Site2_1930-02-13_A116","Edgar Anderson","petal width",2.3,"cm"
"337","Site2_1930-02-13","Site2_1930-02-13_A119","Edgar Anderson","sepal length",7.7,"cm"
"338","Site2_1930-02-13","Site2_1930-02-13_A119","Edgar Anderson","sepal width",2.6,"cm"
"339","Site2_1930-02-13","Site2_1930-02-13_A119","Edgar Anderson","petal length",6.9,"cm"
"340","Site2_1930-02-13","Site2_1930-02-13_A119","Edgar Anderson","petal width",2.3,"cm"
"341","Site2_1930-02-13","Site2_1930-02-13_A122","Edgar Anderson","sepal length",5.6,"cm"
"342","Site2_1930-02-13","Site2_1930-02-13_A122","Edgar Anderson","sepal width",2.8,"cm"
"343","Site2_1930-02-13","Site2_1930-02-13_A122","Edgar Anderson","petal length",4.9,"cm"
"344","Site2_1930-02-13","Site2_1930-02-13_A122","Edgar Anderson","petal width",2,"cm"
"345","Site2_1930-02-13","Site2_1930-02-13_A125","Edgar Anderson","sepal length",6.7,"cm"
"346","Site2_1930-02-13","Site2_1930-02-13_A125","Edgar Anderson","sepal width",3.3,"cm"
"347","Site2_1930-02-13","Site2_1930-02-13_A125","Edgar Anderson","petal length",5.7,"cm"
"348","Site2_1930-02-13","Site2_1930-02-13_A125","Edgar Anderson","petal width",2.1,"cm"
"349","Site2_1930-02-13","Site2_1930-02-13_A128","Edgar Anderson","sepal length",6.1,"cm"
"350","Site2_1930-02-13","Site2_1930-02-13_A128","Edgar Anderson","sepal width",3,"cm"
"351","Site2_1930-02-13","Site2_1930-02-13_A128","Edgar Anderson","petal length",4.9,"cm"
"352","Site2_1930-02-13","Site2_1930-02-13_A128","Edgar Anderson","petal width",1.8,"cm"
"353","Site2_1930-02-13","Site2_1930-02-13_A131","Edgar Anderson","sepal length",7.4,"cm"
"354","Site2_1930-02-13","Site2_1930-02-13_A131","Edgar Anderson","sepal width",2.8,"cm"
"355","Site2_1930-02-13","Site2_1930-02-13_A131","Edgar Anderson","petal length",6.1,"cm"
"356","Site2_1930-02-13","Site2_1930-02-13_A131","Edgar Anderson","petal width",1.9,"cm"
"357","Site2_1930-02-13","Site2_1930-02-13_A134","Edgar Anderson","sepal length",6.3,"cm"
"358","Site2_1930-02-13","Site2_1930-02-13_A134","Edgar Anderson","sepal width",2.8,"cm"
"359","Site2_1930-02-13","Site2_1930-02-13_A134","Edgar Anderson","petal length",5.1,"cm"
"360","Site2_1930-02-13","Site2_1930-02-13_A134","Edgar Anderson","petal width",1.5,"cm"
"361","Site2_1930-02-13","Site2_1930-02-13_A137","Edgar Anderson","sepal length",6.3,"cm"
"362","Site2_1930-02-13","Site2_1930-02-13_A137","Edgar Anderson","sepal width",3.4,"cm"
"363","Site2_1930-02-13","Site2_1930-02-13_A137","Edgar Anderson","petal length",5.6,"cm"
"364","Site2_1930-02-13","Site2_1930-02-13_A137","Edgar Anderson","petal width",2.4,"cm"
"365","Site2_1930-02-13","Site2_1930-02-13_A140","Edgar Anderson","sepal length",6.9,"cm"
"366","Site2_1930-02-13","Site2_1930-02-13_A140","Edgar Anderson","sepal width",3.1,"cm"
"367","Site2_1930-02-13","Site2_1930-02-13_A140","Edgar Anderson","petal length",5.4,"cm"
"368","Site2_1930-02-13","Site2_1930-02-13_A140","Edgar Anderson","petal width",2.1,"cm"
"369","Site2_1930-02-13","Site2_1930-02-13_A143","Edgar Anderson","sepal length",5.8,"cm"
"370","Site2_1930-02-13","Site2_1930-02-13_A143","Edgar Anderson","sepal width",2.7,"cm"
"371","Site2_1930-02-13","Site2_1930-02-13_A143","Edgar Anderson","petal length",5.1,"cm"
"372","Site2_1930-02-13","Site2_1930-02-13_A143","Edgar Anderson","petal width",1.9,"cm"
"373","Site2_1930-02-13","Site2_1930-02-13_A146","Edgar Anderson","sepal length",6.7,"cm"
"374","Site2_1930-02-13","Site2_1930-02-13_A146","Edgar Anderson","sepal width",3,"cm"
"375","Site2_1930-02-13","Site2_1930-02-13_A146","Edgar Anderson","petal length",5.2,"cm"
"376","Site2_1930-02-13","Site2_1930-02-13_A146","Edgar Anderson","petal width",2.3,"cm"
"377","Site2_1930-02-13","Site2_1930-02-13_A149","Edgar Anderson","sepal length",6.2,"cm"
"378","Site2_1930-02-13","Site2_1930-02-13_A149","Edgar Anderson","sepal width",3.4,"cm"
"379","Site2_1930-02-13","Site2_1930-02-13_A149","Edgar Anderson","petal length",5.4,"cm"
"380","Site2_1930-02-13","Site2_1930-02-13_A149","Edgar Anderson","petal width",2.3,"cm"
"381","Site2_1930-02-13","Site2_1930-02-13_A2","Edgar Anderson","sepal length",4.9,"cm"
"382","Site2_1930-02-13","Site2_1930-02-13_A2","Edgar Anderson","sepal width",3,"cm"
"383","Site2_1930-02-13","Site2_1930-02-13_A2","Edgar Anderson","petal length",1.4,"cm"
"384","Site2_1930-02-13","Site2_1930-02-13_A2","Edgar Anderson","petal width",0.2,"cm"
"385","Site2_1930-02-13","Site2_1930-02-13_A5","Edgar Anderson","sepal length",5,"cm"
"386","Site2_1930-02-13","Site2_1930-02-13_A5","Edgar Anderson","sepal width",3.6,"cm"
"387","Site2_1930-02-13","Site2_1930-02-13_A5","Edgar Anderson","petal length",1.4,"cm"
"388","Site2_1930-02-13","Site2_1930-02-13_A5","Edgar Anderson","petal width",0.2,"cm"
"389","Site2_1930-02-13","Site2_1930-02-13_A8","Edgar Anderson","sepal length",5,"cm"
"390","Site2_1930-02-13","Site2_1930-02-13_A8","Edgar Anderson","sepal width",3.4,"cm"
"391","Site2_1930-02-13","Site2_1930-02-13_A8","Edgar Anderson","petal length",1.5,"cm"
"392","Site2_1930-02-13","Site2_1930-02-13_A8","Edgar Anderson","petal width",0.2,"cm"
"393","Site2_1930-02-13","Site2_1930-02-13_A11","Edgar Anderson","sepal length",5.4,"cm"
"394","Site2_1930-02-13","Site2_1930-02-13_A11","Edgar Anderson","sepal width",3.7,"cm"
"395","Site2_1930-02-13","Site2_1930-02-13_A11","Edgar Anderson","petal length",1.5,"cm"
"396","Site2_1930-02-13","Site2_1930-02-13_A11","Edgar Anderson","petal width",0.2,"cm"
"397","Site2_1930-02-13","Site2_1930-02-13_A14","Edgar Anderson","sepal length",4.3,"cm"
"398","Site2_1930-02-13","Site2_1930-02-13_A14","Edgar Anderson","sepal width",3,"cm"
"399","Site2_1930-02-13","Site2_1930-02-13_A14","Edgar Anderson","petal length",1.1,"cm"
"400","Site2_1930-02-13","Site2_1930-02-13_A14","Edgar Anderson","petal width",0.1,"cm"
"401","Site3_1929-12-01","Site3_1929-12-01_A19","Edgar Anderson","sepal length",5.7,"cm"
"402","Site3_1929-12-01","Site3_1929-12-01_A19","Edgar Anderson","sepal width",3.8,"cm"
"403","Site3_1929-12-01","Site3_1929-12-01_A19","Edgar Anderson","petal length",1.7,"cm"
"404","Site3_1929-12-01","Site3_1929-12-01_A19","Edgar Anderson","petal width",0.3,"cm"
"405","Site3_1929-12-01","Site3_1929-12-01_A22","Edgar Anderson","sepal length",5.1,"cm"
"406","Site3_1929-12-01","Site3_1929-12-01_A22","Edgar Anderson","sepal width",3.7,"cm"
"407","Site3_1929-12-01","Site3_1929-12-01_A22","Edgar Anderson","petal length",1.5,"cm"
"408","Site3_1929-12-01","Site3_1929-12-01_A22","Edgar Anderson","petal width",0.4,"cm"
"409","Site3_1929-12-01","Site3_1929-12-01_A25","Edgar Anderson","sepal length",4.8,"cm"
"410","Site3_1929-12-01","Site3_1929-12-01_A25","Edgar Anderson","sepal width",3.4,"cm"
"411","Site3_1929-12-01","Site3_1929-12-01_A25","Edgar Anderson","petal length",1.9,"cm"
"412","Site3_1929-12-01","Site3_1929-12-01_A25","Edgar Anderson","petal width",0.2,"cm"
"413","Site3_1929-12-01","Site3_1929-12-01_A28","Edgar Anderson","sepal length",5.2,"cm"
"414","Site3_1929-12-01","Site3_1929-12-01_A28","Edgar Anderson","sepal width",3.5,"cm"
"415","Site3_1929-12-01","Site3_1929-12-01_A28","Edgar Anderson","petal length",1.5,"cm"
"416","Site3_1929-12-01","Site3_1929-12-01_A28","Edgar Anderson","petal width",0.2,"cm"
"417","Site3_1929-12-01","Site3_1929-12-01_A31","Edgar Anderson","sepal length",4.8,"cm"
"418","Site3_1929-12-01","Site3_1929-12-01_A31","Edgar Anderson","sepal width",3.1,"cm"
"419","Site3_1929-12-01","Site3_1929-12-01_A31","Edgar Anderson","petal length",1.6,"cm"
"420","Site3_1929-12-01","Site3_1929-12-01_A31","Edgar Anderson","petal width",0.2,"cm"
"421","Site3_1929-12-01","Site3_1929-12-01_A34","Edgar Anderson","sepal length",5.5,"cm"
"422","Site3_1929-12-01","Site3_1929-12-01_A34","Edgar Anderson","sepal width",4.2,"cm"
"423","Site3_1929-12-01","Site3_1929-12-01_A34","Edgar Anderson","petal length",1.4,"cm"
"424","Site3_1929-12-01","Site3_1929-12-01_A34","Edgar Anderson","petal width",0.2,"cm"
"425","Site3_1929-12-01","Site3_1929-12-01_A37","Edgar Anderson","sepal length",5.5,"cm"
"426","Site3_1929-12-01","Site3_1929-12-01_A37","Edgar Anderson","sepal width",3.5,"cm"
"427","Site3_1929-12-01","Site3_1929-12-01_A37","Edgar Anderson","petal length",1.3,"cm"
"428","Site3_1929-12-01","Site3_1929-12-01_A37","Edgar Anderson","petal width",0.2,"cm"
"429","Site3_1929-12-01","Site3_1929-12-01_A40","Edgar Anderson","sepal length",5.1,"cm"
"430","Site3_1929-12-01","Site3_1929-12-01_A40","Edgar Anderson","sepal width",3.4,"cm"
"431","Site3_1929-12-01","Site3_1929-12-01_A40","Edgar Anderson","petal length",1.5,"cm"
"432","Site3_1929-12-01","Site3_1929-12-01_A40","Edgar Anderson","petal width",0.2,"cm"
"433","Site3_1929-12-01","Site3_1929-12-01_A43","Edgar Anderson","sepal length",4.4,"cm"
"434","Site3_1929-12-01","Site3_1929-12-01_A43","Edgar Anderson","sepal width",3.2,"cm"
"435","Site3_1929-12-01","Site3_1929-12-01_A43","Edgar Anderson","petal length",1.3,"cm"
"436","Site3_1929-12-01","Site3_1929-12-01_A43","Edgar Anderson","petal width",0.2,"cm"
"437","Site3_1929-12-01","Site3_1929-12-01_A46","Edgar Anderson","sepal length",4.8,"cm"
"438","Site3_1929-12-01","Site3_1929-12-01_A46","Edgar Anderson","sepal width",3,"cm"
"439","Site3_1929-12-01","Site3_1929-12-01_A46","Edgar Anderson","petal length",1.4,"cm"
"440","Site3_1929-12-01","Site3_1929-12-01_A46","Edgar Anderson","petal width",0.3,"cm"
"441","Site3_1929-12-01","Site3_1929-12-01_A49","Edgar Anderson","sepal length",5.3,"cm"
"442","Site3_1929-12-01","Site3_1929-12-01_A49","Edgar Anderson","sepal width",3.7,"cm"
"443","Site3_1929-12-01","Site3_1929-12-01_A49","Edgar Anderson","petal length",1.5,"cm"
"444","Site3_1929-12-01","Site3_1929-12-01_A49","Edgar Anderson","petal width",0.2,"cm"
"445","Site3_1929-12-01","Site3_1929-12-01_A52","Edgar Anderson","sepal length",6.4,"cm"
"446","Site3_1929-12-01","Site3_1929-12-01_A52","Edgar Anderson","sepal width",3.2,"cm"
"447","Site3_1929-12-01","Site3_1929-12-01_A52","Edgar Anderson","petal length",4.5,"cm"
"448","Site3_1929-12-01","Site3_1929-12-01_A52","Edgar Anderson","petal width",1.5,"cm"
"449","Site3_1929-12-01","Site3_1929-12-01_A55","Edgar Anderson","sepal length",6.5,"cm"
"450","Site3_1929-12-01","Site3_1929-12-01_A55","Edgar Anderson","sepal width",2.8,"cm"
"451","Site3_1929-12-01","Site3_1929-12-01_A55","Edgar Anderson","petal length",4.6,"cm"
"452","Site3_1929-12-01","Site3_1929-12-01_A55","Edgar Anderson","petal width",1.5,"cm"
"453","Site3_1929-12-01","Site3_1929-12-01_A58","Edgar Anderson","sepal length",4.9,"cm"
"454","Site3_1929-12-01","Site3_1929-12-01_A58","Edgar Anderson","sepal width",2.4,"cm"
"455","Site3_1929-12-01","Site3_1929-12-01_A58","Edgar Anderson","petal length",3.3,"cm"
"456","Site3_1929-12-01","Site3_1929-12-01_A58","Edgar Anderson","petal width",1,"cm"
"457","Site3_1929-12-01","Site3_1929-12-01_A61","Edgar Anderson","sepal length",5,"cm"
"458","Site3_1929-12-01","Site3_1929-12-01_A61","Edgar Anderson","sepal width",2,"cm"
"459","Site3_1929-12-01","Site3_1929-12-01_A61","Edgar Anderson","petal length",3.5,"cm"
"460","Site3_1929-12-01","Site3_1929-12-01_A61","Edgar Anderson","petal width",1,"cm"
"461","Site3_1929-12-01","Site3_1929-12-01_A64","Edgar Anderson","sepal length",6.1,"cm"
"462","Site3_1929-12-01","Site3_1929-12-01_A64","Edgar Anderson","sepal width",2.9,"cm"
"463","Site3_1929-12-01","Site3_1929-12-01_A64","Edgar Anderson","petal length",4.7,"cm"
"464","Site3_1929-12-01","Site3_1929-12-01_A64","Edgar Anderson","petal width",1.4,"cm"
"465","Site3_1929-12-01","Site3_1929-12-01_A67","Edgar Anderson","sepal length",5.6,"cm"
"466","Site3_1929-12-01","Site3_1929-12-01_A67","Edgar Anderson","sepal width",3,"cm"
"467","Site3_1929-12-01","Site3_1929-12-01_A67","Edgar Anderson","petal length",4.5,"cm"
"468","Site3_1929-12-01","Site3_1929-12-01_A67","Edgar Anderson","petal width",1.5,"cm"
"469","Site3_1929-12-01","Site3_1929-12-01_A70","Edgar Anderson","sepal length",5.6,"cm"
"470","Site3_1929-12-01","Site3_1929-12-01_A70","Edgar Anderson","sepal width",2.5,"cm"
"471","Site3_1929-12-01","Site3_1929-12-01_A70","Edgar Anderson","petal length",3.9,"cm"
"472","Site3_1929-12-01","Site3_1929-12-01_A70","Edgar Anderson","petal width",1.1,"cm"
"473","Site3_1929-12-01","Site3_1929-12-01_A73","Edgar Anderson","sepal length",6.3,"cm"
"474","Site3_1929-12-01","Site3_1929-12-01_A73","Edgar Anderson","sepal width",2.5,"cm"
"475","Site3_1929-12-01","Site3_1929-12-01_A73","Edgar Anderson","petal length",4.9,"cm"
"476","Site3_1929-12-01","Site3_1929-12-01_A73","Edgar Anderson","petal width",1.5,"cm"
"477","Site3_1929-12-01","Site3_1929-12-01_A76","Edgar Anderson","sepal length",6.6,"cm"
"478","Site3_1929-12-01","Site3_1929-12-01_A76","Edgar Anderson","sepal width",3,"cm"
"479","Site3_1929-12-01","Site3_1929-12-01_A76","Edgar Anderson","petal length",4.4,"cm"
"480","Site3_1929-12-01","Site3_1929-12-01_A76","Edgar Anderson","petal width",1.4,"cm"
"481","Site3_1929-12-01","Site3_1929-12-01_A79","Edgar Anderson","sepal length",6,"cm"
"482","Site3_1929-12-01","Site3_1929-12-01_A79","Edgar Anderson","sepal width",2.9,"cm"
"483","Site3_1929-12-01","Site3_1929-12-01_A79","Edgar Anderson","petal length",4.5,"cm"
"484","Site3_1929-12-01","Site3_1929-12-01_A79","Edgar Anderson","petal width",1.5,"cm"
"485","Site3_1929-12-01","Site3_1929-12-01_A82","Edgar Anderson","sepal length",5.5,"cm"
"486","Site3_1929-12-01","Site3_1929-12-01_A82","Edgar Anderson","sepal width",2.4,"cm"
"487","Site3_1929-12-01","Site3_1929-12-01_A82","Edgar Anderson","petal length",3.7,"cm"
"488","Site3_1929-12-01","Site3_1929-12-01_A82","Edgar Anderson","petal width",1,"cm"
"489","Site3_1929-12-01","Site3_1929-12-01_A85","Edgar Anderson","sepal length",5.4,"cm"
"490","Site3_1929-12-01","Site3_1929-12-01_A85","Edgar Anderson","sepal width",3,"cm"
"491","Site3_1929-12-01","Site3_1929-12-01_A85","Edgar Anderson","petal length",4.5,"cm"
"492","Site3_1929-12-01","Site3_1929-12-01_A85","Edgar Anderson","petal width",1.5,"cm"
"493","Site3_1929-12-01","Site3_1929-12-01_A88","Edgar Anderson","sepal length",6.3,"cm"
"494","Site3_1929-12-01","Site3_1929-12-01_A88","Edgar Anderson","sepal width",2.3,"cm"
"495","Site3_1929-12-01","Site3_1929-12-01_A88","Edgar Anderson","petal length",4.4,"cm"
"496","Site3_1929-12-01","Site3_1929-12-01_A88","Edgar Anderson","petal width",1.3,"cm"
"497","Site3_1929-12-01","Site3_1929-12-01_A91","Edgar Anderson","sepal length",5.5,"cm"
"498","Site3_1929-12-01","Site3_1929-12-01_A91","Edgar Anderson","sepal width",2.6,"cm"
"499","Site3_1929-12-01","Site3_1929-12-01_A91","Edgar Anderson","petal length",4.4,"cm"
"500","Site3_1929-12-01","Site3_1929-12-01_A91","Edgar Anderson","petal width",1.2,"cm"
"501","Site3_1929-12-01","Site3_1929-12-01_A94","Edgar Anderson","sepal length",5,"cm"
"502","Site3_1929-12-01","Site3_1929-12-01_A94","Edgar Anderson","sepal width",2.3,"cm"
"503","Site3_1929-12-01","Site3_1929-12-01_A94","Edgar Anderson","petal length",3.3,"cm"
"504","Site3_1929-12-01","Site3_1929-12-01_A94","Edgar Anderson","petal width",1,"cm"
"505","Site3_1929-12-01","Site3_1929-12-01_A97","Edgar Anderson","sepal length",5.7,"cm"
"506","Site3_1929-12-01","Site3_1929-12-01_A97","Edgar Anderson","sepal width",2.9,"cm"
"507","Site3_1929-12-01","Site3_1929-12-01_A97","Edgar Anderson","petal length",4.2,"cm"
"508","Site3_1929-12-01","Site3_1929-12-01_A97","Edgar Anderson","petal width",1.3,"cm"
"509","Site3_1929-12-01","Site3_1929-12-01_A100","Edgar Anderson","sepal length",5.7,"cm"
"510","Site3_1929-12-01","Site3_1929-12-01_A100","Edgar Anderson","sepal width",2.8,"cm"
"511","Site3_1929-12-01","Site3_1929-12-01_A100","Edgar Anderson","petal length",4.1,"cm"
"512","Site3_1929-12-01","Site3_1929-12-01_A100","Edgar Anderson","petal width",1.3,"cm"
"513","Site3_1929-12-01","Site3_1929-12-01_A103","Edgar Anderson","sepal length",7.1,"cm"
"514","Site3_1929-12-01","Site3_1929-12-01_A103","Edgar Anderson","sepal width",3,"cm"
"515","Site3_1929-12-01","Site3_1929-12-01_A103","Edgar Anderson","petal length",5.9,"cm"
"516","Site3_1929-12-01","Site3_1929-12-01_A103","Edgar Anderson","petal width",2.1,"cm"
"517","Site3_1929-12-01","Site3_1929-12-01_A106","Edgar Anderson","sepal length",7.6,"cm"
"518","Site3_1929-12-01","Site3_1929-12-01_A106","Edgar Anderson","sepal width",3,"cm"
"519","Site3_1929-12-01","Site3_1929-12-01_A106","Edgar Anderson","petal length",6.6,"cm"
"520","Site3_1929-12-01","Site3_1929-12-01_A106","Edgar Anderson","petal width",2.1,"cm"
"521","Site3_1929-12-01","Site3_1929-12-01_A109","Edgar Anderson","sepal length",6.7,"cm"
"522","Site3_1929-12-01","Site3_1929-12-01_A109","Edgar Anderson","sepal width",2.5,"cm"
"523","Site3_1929-12-01","Site3_1929-12-01_A109","Edgar Anderson","petal length",5.8,"cm"
"524","Site3_1929-12-01","Site3_1929-12-01_A109","Edgar Anderson","petal width",1.8,"cm"
"525","Site3_1929-12-01","Site3_1929-12-01_A112","Edgar Anderson","sepal length",6.4,"cm"
"526","Site3_1929-12-01","Site3_1929-12-01_A112","Edgar Anderson","sepal width",2.7,"cm"
"527","Site3_1929-12-01","Site3_1929-12-01_A112","Edgar Anderson","petal length",5.3,"cm"
"528","Site3_1929-12-01","Site3_1929-12-01_A112","Edgar Anderson","petal width",1.9,"cm"
"529","Site3_1929-12-01","Site3_1929-12-01_A115","Edgar Anderson","sepal length",5.8,"cm"
"530","Site3_1929-12-01","Site3_1929-12-01_A115","Edgar Anderson","sepal width",2.8,"cm"
"531","Site3_1929-12-01","Site3_1929-12-01_A115","Edgar Anderson","petal length",5.1,"cm"
"532","Site3_1929-12-01","Site3_1929-12-01_A115","Edgar Anderson","petal width",2.4,"cm"
"533","Site3_1929-12-01","Site3_1929-12-01_A118","Edgar Anderson","sepal length",7.7,"cm"
"534","Site3_1929-12-01","Site3_1929-12-01_A118","Edgar Anderson","sepal width",3.8,"cm"
"535","Site3_1929-12-01","Site3_1929-12-01_A118","Edgar Anderson","petal length",6.7,"cm"
"536","Site3_1929-12-01","Site3_1929-12-01_A118","Edgar Anderson","petal width",2.2,"cm"
"537","Site3_1929-12-01","Site3_1929-12-01_A121","Edgar Anderson","sepal length",6.9,"cm"
"538","Site3_1929-12-01","Site3_1929-12-01_A121","Edgar Anderson","sepal width",3.2,"cm"
"539","Site3_1929-12-01","Site3_1929-12-01_A121","Edgar Anderson","petal length",5.7,"cm"
"540","Site3_1929-12-01","Site3_1929-12-01_A121","Edgar Anderson","petal width",2.3,"cm"
"541","Site3_1929-12-01","Site3_1929-12-01_A124","Edgar Anderson","sepal length",6.3,"cm"
"542","Site3_1929-12-01","Site3_1929-12-01_A124","Edgar Anderson","sepal width",2.7,"cm"
"543","Site3_1929-12-01","Site3_1929-12-01_A124","Edgar Anderson","petal length",4.9,"cm"
"544","Site3_1929-12-01","Site3_1929-12-01_A124","Edgar Anderson","petal width",1.8,"cm"
"545","Site3_1929-12-01","Site3_1929-12-01_A127","Edgar Anderson","sepal length",6.2,"cm"
"546","Site3_1929-12-01","Site3_1929-12-01_A127","Edgar Anderson","sepal width",2.8,"cm"
"547","Site3_1929-12-01","Site3_1929-12-01_A127","Edgar Anderson","petal length",4.8,"cm"
"548","Site3_1929-12-01","Site3_1929-12-01_A127","Edgar Anderson","petal width",1.8,"cm"
"549","Site3_1929-12-01","Site3_1929-12-01_A130","Edgar Anderson","sepal length",7.2,"cm"
"550","Site3_1929-12-01","Site3_1929-12-01_A130","Edgar Anderson","sepal width",3,"cm"
"551","Site3_1929-12-01","Site3_1929-12-01_A130","Edgar Anderson","petal length",5.8,"cm"
"552","Site3_1929-12-01","Site3_1929-12-01_A130","Edgar Anderson","petal width",1.6,"cm"
"553","Site3_1929-12-01","Site3_1929-12-01_A133","Edgar Anderson","sepal length",6.4,"cm"
"554","Site3_1929-12-01","Site3_1929-12-01_A133","Edgar Anderson","sepal width",2.8,"cm"
"555","Site3_1929-12-01","Site3_1929-12-01_A133","Edgar Anderson","petal length",5.6,"cm"
"556","Site3_1929-12-01","Site3_1929-12-01_A133","Edgar Anderson","petal width",2.2,"cm"
"557","Site3_1929-12-01","Site3_1929-12-01_A136","Edgar Anderson","sepal length",7.7,"cm"
"558","Site3_1929-12-01","Site3_1929-12-01_A136","Edgar Anderson","sepal width",3,"cm"
"559","Site3_1929-12-01","Site3_1929-12-01_A136","Edgar Anderson","petal length",6.1,"cm"
"560","Site3_1929-12-01","Site3_1929-12-01_A136","Edgar Anderson","petal width",2.3,"cm"
"561","Site3_1929-12-01","Site3_1929-12-01_A139","Edgar Anderson","sepal length",6,"cm"
"562","Site3_1929-12-01","Site3_1929-12-01_A139","Edgar Anderson","sepal width",3,"cm"
"563","Site3_1929-12-01","Site3_1929-12-01_A139","Edgar Anderson","petal length",4.8,"cm"
"564","Site3_1929-12-01","Site3_1929-12-01_A139","Edgar Anderson","petal width",1.8,"cm"
"565","Site3_1929-12-01","Site3_1929-12-01_A142","Edgar Anderson","sepal length",6.9,"cm"
"566","Site3_1929-12-01","Site3_1929-12-01_A142","Edgar Anderson","sepal width",3.1,"cm"
"567","Site3_1929-12-01","Site3_1929-12-01_A142","Edgar Anderson","petal length",5.1,"cm"
"568","Site3_1929-12-01","Site3_1929-12-01_A142","Edgar Anderson","petal width",2.3,"cm"
"569","Site3_1929-12-01","Site3_1929-12-01_A145","Edgar Anderson","sepal length",6.7,"cm"
"570","Site3_1929-12-01","Site3_1929-12-01_A145","Edgar Anderson","sepal width",3.3,"cm"
"571","Site3_1929-12-01","Site3_1929-12-01_A145","Edgar Anderson","petal length",5.7,"cm"
"572","Site3_1929-12-01","Site3_1929-12-01_A145","Edgar Anderson","petal width",2.5,"cm"
"573","Site3_1929-12-01","Site3_1929-12-01_A148","Edgar Anderson","sepal length",6.5,"cm"
"574","Site3_1929-12-01","Site3_1929-12-01_A148","Edgar Anderson","sepal width",3,"cm"
"575","Site3_1929-12-01","Site3_1929-12-01_A148","Edgar Anderson","petal length",5.2,"cm"
"576","Site3_1929-12-01","Site3_1929-12-01_A148","Edgar Anderson","petal width",2,"cm"
"577","Site3_1929-12-01","Site3_1929-12-01_A1","Edgar Anderson","sepal length",5.1,"cm"
"578","Site3_1929-12-01","Site3_1929-12-01_A1","Edgar Anderson","sepal width",3.5,"cm"
"579","Site3_1929-12-01","Site3_1929-12-01_A1","Edgar Anderson","petal length",1.4,"cm"
"580","Site3_1929-12-01","Site3_1929-12-01_A1","Edgar Anderson","petal width",0.2,"cm"
"581","Site3_1929-12-01","Site3_1929-12-01_A4","Edgar Anderson","sepal length",4.6,"cm"
"582","Site3_1929-12-01","Site3_1929-12-01_A4","Edgar Anderson","sepal width",3.1,"cm"
"583","Site3_1929-12-01","Site3_1929-12-01_A4","Edgar Anderson","petal length",1.5,"cm"
"584","Site3_1929-12-01","Site3_1929-12-01_A4","Edgar Anderson","petal width",0.2,"cm"
"585","Site3_1929-12-01","Site3_1929-12-01_A7","Edgar Anderson","sepal length",4.6,"cm"
"586","Site3_1929-12-01","Site3_1929-12-01_A7","Edgar Anderson","sepal width",3.4,"cm"
"587","Site3_1929-12-01","Site3_1929-12-01_A7","Edgar Anderson","petal length",1.4,"cm"
"588","Site3_1929-12-01","Site3_1929-12-01_A7","Edgar Anderson","petal width",0.3,"cm"
"589","Site3_1929-12-01","Site3_1929-12-01_A10","Edgar Anderson","sepal length",4.9,"cm"
"590","Site3_1929-12-01","Site3_1929-12-01_A10","Edgar Anderson","sepal width",3.1,"cm"
"591","Site3_1929-12-01","Site3_1929-12-01_A10","Edgar Anderson","petal length",1.5,"cm"
"592","Site3_1929-12-01","Site3_1929-12-01_A10","Edgar Anderson","petal width",0.1,"cm"
"593","Site3_1929-12-01","Site3_1929-12-01_A13","Edgar Anderson","sepal length",4.8,"cm"
"594","Site3_1929-12-01","Site3_1929-12-01_A13","Edgar Anderson","sepal width",3,"cm"
"595","Site3_1929-12-01","Site3_1929-12-01_A13","Edgar Anderson","petal length",1.4,"cm"
"596","Site3_1929-12-01","Site3_1929-12-01_A13","Edgar Anderson","petal width",0.1,"cm"
"597","Site3_1929-12-01","Site3_1929-12-01_A16","Edgar Anderson","sepal length",5.7,"cm"
"598","Site3_1929-12-01","Site3_1929-12-01_A16","Edgar Anderson","sepal width",4.4,"cm"
"599","Site3_1929-12-01","Site3_1929-12-01_A16","Edgar Anderson","petal length",1.5,"cm"
"600","Site3_1929-12-01","Site3_1929-12-01_A16","Edgar Anderson","petal width",0.4,"cm"
