"","eventID","occurrenceID","scientificName","scientificNameID","recordedBy","taxonRank","organismQuantityType","basisOfRecord"
"1","Site1_1929-12-01","Site1_1929-12-01_A18","Iris setosa","https://www.itis.gov/servlet/SingleRpt/SingleRpt?search_topic=TSN&search_value=43195","Edgar Anderson","Species","individuals","Human observation"
"2","Site1_1929-12-01","Site1_1929-12-01_A21","Iris setosa","https://www.itis.gov/servlet/SingleRpt/SingleRpt?search_topic=TSN&search_value=43195","Edgar Anderson","Species","individuals","Human observation"
"3","Site1_1929-12-01","Site1_1929-12-01_A24","Iris setosa","https://www.itis.gov/servlet/SingleRpt/SingleRpt?search_topic=TSN&search_value=43195","Edgar Anderson","Species","individuals","Human observation"
"4","Site1_1929-12-01","Site1_1929-12-01_A27","Iris setosa","https://www.itis.gov/servlet/SingleRpt/SingleRpt?search_topic=TSN&search_value=43195","Edgar Anderson","Species","individuals","Human observation"
"5","Site1_1929-12-01","Site1_1929-12-01_A30","Iris setosa","https://www.itis.gov/servlet/SingleRpt/SingleRpt?search_topic=TSN&search_value=43195","Edgar Anderson","Species","individuals","Human observation"
"6","Site1_1929-12-01","Site1_1929-12-01_A33","Iris setosa","https://www.itis.gov/servlet/SingleRpt/SingleRpt?search_topic=TSN&search_value=43195","Edgar Anderson","Species","individuals","Human observation"
"7","Site1_1929-12-01","Site1_1929-12-01_A36","Iris setosa","https://www.itis.gov/servlet/SingleRpt/SingleRpt?search_topic=TSN&search_value=43195","Edgar Anderson","Species","individuals","Human observation"
"8","Site1_1929-12-01","Site1_1929-12-01_A39","Iris setosa","https://www.itis.gov/servlet/SingleRpt/SingleRpt?search_topic=TSN&search_value=43195","Edgar Anderson","Species","individuals","Human observation"
"9","Site1_1929-12-01","Site1_1929-12-01_A42","Iris setosa","https://www.itis.gov/servlet/SingleRpt/SingleRpt?search_topic=TSN&search_value=43195","Edgar Anderson","Species","individuals","Human observation"
"10","Site1_1929-12-01","Site1_1929-12-01_A45","Iris setosa","https://www.itis.gov/servlet/SingleRpt/SingleRpt?search_topic=TSN&search_value=43195","Edgar Anderson","Species","individuals","Human observation"
"11","Site1_1929-12-01","Site1_1929-12-01_A48","Iris setosa","https://www.itis.gov/servlet/SingleRpt/SingleRpt?search_topic=TSN&search_value=43195","Edgar Anderson","Species","individuals","Human observation"
"12","Site1_1929-12-01","Site1_1929-12-01_A51","Iris versicolor","https://www.itis.gov/servlet/SingleRpt/SingleRpt?search_topic=TSN&search_value=43196","Edgar Anderson","Species","individuals","Human observation"
"13","Site1_1929-12-01","Site1_1929-12-01_A54","Iris versicolor","https://www.itis.gov/servlet/SingleRpt/SingleRpt?search_topic=TSN&search_value=43196","Edgar Anderson","Species","individuals","Human observation"
"14","Site1_1929-12-01","Site1_1929-12-01_A57","Iris versicolor","https://www.itis.gov/servlet/SingleRpt/SingleRpt?search_topic=TSN&search_value=43196","Edgar Anderson","Species","individuals","Human observation"
"15","Site1_1929-12-01","Site1_1929-12-01_A60","Iris versicolor","https://www.itis.gov/servlet/SingleRpt/SingleRpt?search_topic=TSN&search_value=43196","Edgar Anderson","Species","individuals","Human observation"
"16","Site1_1929-12-01","Site1_1929-12-01_A63","Iris versicolor","https://www.itis.gov/servlet/SingleRpt/SingleRpt?search_topic=TSN&search_value=43196","Edgar Anderson","Species","individuals","Human observation"
"17","Site1_1929-12-01","Site1_1929-12-01_A66","Iris versicolor","https://www.itis.gov/servlet/SingleRpt/SingleRpt?search_topic=TSN&search_value=43196","Edgar Anderson","Species","individuals","Human observation"
"18","Site1_1929-12-01","Site1_1929-12-01_A69","Iris versicolor","https://www.itis.gov/servlet/SingleRpt/SingleRpt?search_topic=TSN&search_value=43196","Edgar Anderson","Species","individuals","Human observation"
"19","Site1_1929-12-01","Site1_1929-12-01_A72","Iris versicolor","https://www.itis.gov/servlet/SingleRpt/SingleRpt?search_topic=TSN&search_value=43196","Edgar Anderson","Species","individuals","Human observation"
"20","Site1_1929-12-01","Site1_1929-12-01_A75","Iris versicolor","https://www.itis.gov/servlet/SingleRpt/SingleRpt?search_topic=TSN&search_value=43196","Edgar Anderson","Species","individuals","Human observation"
"21","Site1_1929-12-01","Site1_1929-12-01_A78","Iris versicolor","https://www.itis.gov/servlet/SingleRpt/SingleRpt?search_topic=TSN&search_value=43196","Edgar Anderson","Species","individuals","Human observation"
"22","Site1_1929-12-01","Site1_1929-12-01_A81","Iris versicolor","https://www.itis.gov/servlet/SingleRpt/SingleRpt?search_topic=TSN&search_value=43196","Edgar Anderson","Species","individuals","Human observation"
"23","Site1_1929-12-01","Site1_1929-12-01_A84","Iris versicolor","https://www.itis.gov/servlet/SingleRpt/SingleRpt?search_topic=TSN&search_value=43196","Edgar Anderson","Species","individuals","Human observation"
"24","Site1_1929-12-01","Site1_1929-12-01_A87","Iris versicolor","https://www.itis.gov/servlet/SingleRpt/SingleRpt?search_topic=TSN&search_value=43196","Edgar Anderson","Species","individuals","Human observation"
"25","Site1_1929-12-01","Site1_1929-12-01_A90","Iris versicolor","https://www.itis.gov/servlet/SingleRpt/SingleRpt?search_topic=TSN&search_value=43196","Edgar Anderson","Species","individuals","Human observation"
"26","Site1_1929-12-01","Site1_1929-12-01_A93","Iris versicolor","https://www.itis.gov/servlet/SingleRpt/SingleRpt?search_topic=TSN&search_value=43196","Edgar Anderson","Species","individuals","Human observation"
"27","Site1_1929-12-01","Site1_1929-12-01_A96","Iris versicolor","https://www.itis.gov/servlet/SingleRpt/SingleRpt?search_topic=TSN&search_value=43196","Edgar Anderson","Species","individuals","Human observation"
"28","Site1_1929-12-01","Site1_1929-12-01_A99","Iris versicolor","https://www.itis.gov/servlet/SingleRpt/SingleRpt?search_topic=TSN&search_value=43196","Edgar Anderson","Species","individuals","Human observation"
"29","Site1_1929-12-01","Site1_1929-12-01_A102","Iris virginica","https://www.itis.gov/servlet/SingleRpt/SingleRpt?search_topic=TSN&search_value=43197","Edgar Anderson","Species","individuals","Human observation"
"30","Site1_1929-12-01","Site1_1929-12-01_A105","Iris virginica","https://www.itis.gov/servlet/SingleRpt/SingleRpt?search_topic=TSN&search_value=43197","Edgar Anderson","Species","individuals","Human observation"
"31","Site1_1929-12-01","Site1_1929-12-01_A108","Iris virginica","https://www.itis.gov/servlet/SingleRpt/SingleRpt?search_topic=TSN&search_value=43197","Edgar Anderson","Species","individuals","Human observation"
"32","Site1_1929-12-01","Site1_1929-12-01_A111","Iris virginica","https://www.itis.gov/servlet/SingleRpt/SingleRpt?search_topic=TSN&search_value=43197","Edgar Anderson","Species","individuals","Human observation"
"33","Site1_1929-12-01","Site1_1929-12-01_A114","Iris virginica","https://www.itis.gov/servlet/SingleRpt/SingleRpt?search_topic=TSN&search_value=43197","Edgar Anderson","Species","individuals","Human observation"
"34","Site1_1929-12-01","Site1_1929-12-01_A117","Iris virginica","https://www.itis.gov/servlet/SingleRpt/SingleRpt?search_topic=TSN&search_value=43197","Edgar Anderson","Species","individuals","Human observation"
"35","Site1_1929-12-01","Site1_1929-12-01_A120","Iris virginica","https://www.itis.gov/servlet/SingleRpt/SingleRpt?search_topic=TSN&search_value=43197","Edgar Anderson","Species","individuals","Human observation"
"36","Site1_1929-12-01","Site1_1929-12-01_A123","Iris virginica","https://www.itis.gov/servlet/SingleRpt/SingleRpt?search_topic=TSN&search_value=43197","Edgar Anderson","Species","individuals","Human observation"
"37","Site1_1929-12-01","Site1_1929-12-01_A126","Iris virginica","https://www.itis.gov/servlet/SingleRpt/SingleRpt?search_topic=TSN&search_value=43197","Edgar Anderson","Species","individuals","Human observation"
"38","Site1_1929-12-01","Site1_1929-12-01_A129","Iris virginica","https://www.itis.gov/servlet/SingleRpt/SingleRpt?search_topic=TSN&search_value=43197","Edgar Anderson","Species","individuals","Human observation"
"39","Site1_1929-12-01","Site1_1929-12-01_A132","Iris virginica","https://www.itis.gov/servlet/SingleRpt/SingleRpt?search_topic=TSN&search_value=43197","Edgar Anderson","Species","individuals","Human observation"
"40","Site1_1929-12-01","Site1_1929-12-01_A135","Iris virginica","https://www.itis.gov/servlet/SingleRpt/SingleRpt?search_topic=TSN&search_value=43197","Edgar Anderson","Species","individuals","Human observation"
"41","Site1_1929-12-01","Site1_1929-12-01_A138","Iris virginica","https://www.itis.gov/servlet/SingleRpt/SingleRpt?search_topic=TSN&search_value=43197","Edgar Anderson","Species","individuals","Human observation"
"42","Site1_1929-12-01","Site1_1929-12-01_A141","Iris virginica","https://www.itis.gov/servlet/SingleRpt/SingleRpt?search_topic=TSN&search_value=43197","Edgar Anderson","Species","individuals","Human observation"
"43","Site1_1929-12-01","Site1_1929-12-01_A144","Iris virginica","https://www.itis.gov/servlet/SingleRpt/SingleRpt?search_topic=TSN&search_value=43197","Edgar Anderson","Species","individuals","Human observation"
"44","Site1_1929-12-01","Site1_1929-12-01_A147","Iris virginica","https://www.itis.gov/servlet/SingleRpt/SingleRpt?search_topic=TSN&search_value=43197","Edgar Anderson","Species","individuals","Human observation"
"45","Site1_1929-12-01","Site1_1929-12-01_A150","Iris virginica","https://www.itis.gov/servlet/SingleRpt/SingleRpt?search_topic=TSN&search_value=43197","Edgar Anderson","Species","individuals","Human observation"
"46","Site1_1929-12-01","Site1_1929-12-01_A3","Iris setosa","https://www.itis.gov/servlet/SingleRpt/SingleRpt?search_topic=TSN&search_value=43195","Edgar Anderson","Species","individuals","Human observation"
"47","Site1_1929-12-01","Site1_1929-12-01_A6","Iris setosa","https://www.itis.gov/servlet/SingleRpt/SingleRpt?search_topic=TSN&search_value=43195","Edgar Anderson","Species","individuals","Human observation"
"48","Site1_1929-12-01","Site1_1929-12-01_A9","Iris setosa","https://www.itis.gov/servlet/SingleRpt/SingleRpt?search_topic=TSN&search_value=43195","Edgar Anderson","Species","individuals","Human observation"
"49","Site1_1929-12-01","Site1_1929-12-01_A12","Iris setosa","https://www.itis.gov/servlet/SingleRpt/SingleRpt?search_topic=TSN&search_value=43195","Edgar Anderson","Species","individuals","Human observation"
"50","Site1_1929-12-01","Site1_1929-12-01_A15","Iris setosa","https://www.itis.gov/servlet/SingleRpt/SingleRpt?search_topic=TSN&search_value=43195","Edgar Anderson","Species","individuals","Human observation"
"51","Site2_1930-02-13","Site2_1930-02-13_A17","Iris setosa","https://www.itis.gov/servlet/SingleRpt/SingleRpt?search_topic=TSN&search_value=43195","Edgar Anderson","Species","individuals","Human observation"
"52","Site2_1930-02-13","Site2_1930-02-13_A20","Iris setosa","https://www.itis.gov/servlet/SingleRpt/SingleRpt?search_topic=TSN&search_value=43195","Edgar Anderson","Species","individuals","Human observation"
"53","Site2_1930-02-13","Site2_1930-02-13_A23","Iris setosa","https://www.itis.gov/servlet/SingleRpt/SingleRpt?search_topic=TSN&search_value=43195","Edgar Anderson","Species","individuals","Human observation"
"54","Site2_1930-02-13","Site2_1930-02-13_A26","Iris setosa","https://www.itis.gov/servlet/SingleRpt/SingleRpt?search_topic=TSN&search_value=43195","Edgar Anderson","Species","individuals","Human observation"
"55","Site2_1930-02-13","Site2_1930-02-13_A29","Iris setosa","https://www.itis.gov/servlet/SingleRpt/SingleRpt?search_topic=TSN&search_value=43195","Edgar Anderson","Species","individuals","Human observation"
"56","Site2_1930-02-13","Site2_1930-02-13_A32","Iris setosa","https://www.itis.gov/servlet/SingleRpt/SingleRpt?search_topic=TSN&search_value=43195","Edgar Anderson","Species","individuals","Human observation"
"57","Site2_1930-02-13","Site2_1930-02-13_A35","Iris setosa","https://www.itis.gov/servlet/SingleRpt/SingleRpt?search_topic=TSN&search_value=43195","Edgar Anderson","Species","individuals","Human observation"
"58","Site2_1930-02-13","Site2_1930-02-13_A38","Iris setosa","https://www.itis.gov/servlet/SingleRpt/SingleRpt?search_topic=TSN&search_value=43195","Edgar Anderson","Species","individuals","Human observation"
"59","Site2_1930-02-13","Site2_1930-02-13_A41","Iris setosa","https://www.itis.gov/servlet/SingleRpt/SingleRpt?search_topic=TSN&search_value=43195","Edgar Anderson","Species","individuals","Human observation"
"60","Site2_1930-02-13","Site2_1930-02-13_A44","Iris setosa","https://www.itis.gov/servlet/SingleRpt/SingleRpt?search_topic=TSN&search_value=43195","Edgar Anderson","Species","individuals","Human observation"
"61","Site2_1930-02-13","Site2_1930-02-13_A47","Iris setosa","https://www.itis.gov/servlet/SingleRpt/SingleRpt?search_topic=TSN&search_value=43195","Edgar Anderson","Species","individuals","Human observation"
"62","Site2_1930-02-13","Site2_1930-02-13_A50","Iris setosa","https://www.itis.gov/servlet/SingleRpt/SingleRpt?search_topic=TSN&search_value=43195","Edgar Anderson","Species","individuals","Human observation"
"63","Site2_1930-02-13","Site2_1930-02-13_A53","Iris versicolor","https://www.itis.gov/servlet/SingleRpt/SingleRpt?search_topic=TSN&search_value=43196","Edgar Anderson","Species","individuals","Human observation"
"64","Site2_1930-02-13","Site2_1930-02-13_A56","Iris versicolor","https://www.itis.gov/servlet/SingleRpt/SingleRpt?search_topic=TSN&search_value=43196","Edgar Anderson","Species","individuals","Human observation"
"65","Site2_1930-02-13","Site2_1930-02-13_A59","Iris versicolor","https://www.itis.gov/servlet/SingleRpt/SingleRpt?search_topic=TSN&search_value=43196","Edgar Anderson","Species","individuals","Human observation"
"66","Site2_1930-02-13","Site2_1930-02-13_A62","Iris versicolor","https://www.itis.gov/servlet/SingleRpt/SingleRpt?search_topic=TSN&search_value=43196","Edgar Anderson","Species","individuals","Human observation"
"67","Site2_1930-02-13","Site2_1930-02-13_A65","Iris versicolor","https://www.itis.gov/servlet/SingleRpt/SingleRpt?search_topic=TSN&search_value=43196","Edgar Anderson","Species","individuals","Human observation"
"68","Site2_1930-02-13","Site2_1930-02-13_A68","Iris versicolor","https://www.itis.gov/servlet/SingleRpt/SingleRpt?search_topic=TSN&search_value=43196","Edgar Anderson","Species","individuals","Human observation"
"69","Site2_1930-02-13","Site2_1930-02-13_A71","Iris versicolor","https://www.itis.gov/servlet/SingleRpt/SingleRpt?search_topic=TSN&search_value=43196","Edgar Anderson","Species","individuals","Human observation"
"70","Site2_1930-02-13","Site2_1930-02-13_A74","Iris versicolor","https://www.itis.gov/servlet/SingleRpt/SingleRpt?search_topic=TSN&search_value=43196","Edgar Anderson","Species","individuals","Human observation"
"71","Site2_1930-02-13","Site2_1930-02-13_A77","Iris versicolor","https://www.itis.gov/servlet/SingleRpt/SingleRpt?search_topic=TSN&search_value=43196","Edgar Anderson","Species","individuals","Human observation"
"72","Site2_1930-02-13","Site2_1930-02-13_A80","Iris versicolor","https://www.itis.gov/servlet/SingleRpt/SingleRpt?search_topic=TSN&search_value=43196","Edgar Anderson","Species","individuals","Human observation"
"73","Site2_1930-02-13","Site2_1930-02-13_A83","Iris versicolor","https://www.itis.gov/servlet/SingleRpt/SingleRpt?search_topic=TSN&search_value=43196","Edgar Anderson","Species","individuals","Human observation"
"74","Site2_1930-02-13","Site2_1930-02-13_A86","Iris versicolor","https://www.itis.gov/servlet/SingleRpt/SingleRpt?search_topic=TSN&search_value=43196","Edgar Anderson","Species","individuals","Human observation"
"75","Site2_1930-02-13","Site2_1930-02-13_A89","Iris versicolor","https://www.itis.gov/servlet/SingleRpt/SingleRpt?search_topic=TSN&search_value=43196","Edgar Anderson","Species","individuals","Human observation"
"76","Site2_1930-02-13","Site2_1930-02-13_A92","Iris versicolor","https://www.itis.gov/servlet/SingleRpt/SingleRpt?search_topic=TSN&search_value=43196","Edgar Anderson","Species","individuals","Human observation"
"77","Site2_1930-02-13","Site2_1930-02-13_A95","Iris versicolor","https://www.itis.gov/servlet/SingleRpt/SingleRpt?search_topic=TSN&search_value=43196","Edgar Anderson","Species","individuals","Human observation"
"78","Site2_1930-02-13","Site2_1930-02-13_A98","Iris versicolor","https://www.itis.gov/servlet/SingleRpt/SingleRpt?search_topic=TSN&search_value=43196","Edgar Anderson","Species","individuals","Human observation"
"79","Site2_1930-02-13","Site2_1930-02-13_A101","Iris virginica","https://www.itis.gov/servlet/SingleRpt/SingleRpt?search_topic=TSN&search_value=43197","Edgar Anderson","Species","individuals","Human observation"
"80","Site2_1930-02-13","Site2_1930-02-13_A104","Iris virginica","https://www.itis.gov/servlet/SingleRpt/SingleRpt?search_topic=TSN&search_value=43197","Edgar Anderson","Species","individuals","Human observation"
"81","Site2_1930-02-13","Site2_1930-02-13_A107","Iris virginica","https://www.itis.gov/servlet/SingleRpt/SingleRpt?search_topic=TSN&search_value=43197","Edgar Anderson","Species","individuals","Human observation"
"82","Site2_1930-02-13","Site2_1930-02-13_A110","Iris virginica","https://www.itis.gov/servlet/SingleRpt/SingleRpt?search_topic=TSN&search_value=43197","Edgar Anderson","Species","individuals","Human observation"
"83","Site2_1930-02-13","Site2_1930-02-13_A113","Iris virginica","https://www.itis.gov/servlet/SingleRpt/SingleRpt?search_topic=TSN&search_value=43197","Edgar Anderson","Species","individuals","Human observation"
"84","Site2_1930-02-13","Site2_1930-02-13_A116","Iris virginica","https://www.itis.gov/servlet/SingleRpt/SingleRpt?search_topic=TSN&search_value=43197","Edgar Anderson","Species","individuals","Human observation"
"85","Site2_1930-02-13","Site2_1930-02-13_A119","Iris virginica","https://www.itis.gov/servlet/SingleRpt/SingleRpt?search_topic=TSN&search_value=43197","Edgar Anderson","Species","individuals","Human observation"
"86","Site2_1930-02-13","Site2_1930-02-13_A122","Iris virginica","https://www.itis.gov/servlet/SingleRpt/SingleRpt?search_topic=TSN&search_value=43197","Edgar Anderson","Species","individuals","Human observation"
"87","Site2_1930-02-13","Site2_1930-02-13_A125","Iris virginica","https://www.itis.gov/servlet/SingleRpt/SingleRpt?search_topic=TSN&search_value=43197","Edgar Anderson","Species","individuals","Human observation"
"88","Site2_1930-02-13","Site2_1930-02-13_A128","Iris virginica","https://www.itis.gov/servlet/SingleRpt/SingleRpt?search_topic=TSN&search_value=43197","Edgar Anderson","Species","individuals","Human observation"
"89","Site2_1930-02-13","Site2_1930-02-13_A131","Iris virginica","https://www.itis.gov/servlet/SingleRpt/SingleRpt?search_topic=TSN&search_value=43197","Edgar Anderson","Species","individuals","Human observation"
"90","Site2_1930-02-13","Site2_1930-02-13_A134","Iris virginica","https://www.itis.gov/servlet/SingleRpt/SingleRpt?search_topic=TSN&search_value=43197","Edgar Anderson","Species","individuals","Human observation"
"91","Site2_1930-02-13","Site2_1930-02-13_A137","Iris virginica","https://www.itis.gov/servlet/SingleRpt/SingleRpt?search_topic=TSN&search_value=43197","Edgar Anderson","Species","individuals","Human observation"
"92","Site2_1930-02-13","Site2_1930-02-13_A140","Iris virginica","https://www.itis.gov/servlet/SingleRpt/SingleRpt?search_topic=TSN&search_value=43197","Edgar Anderson","Species","individuals","Human observation"
"93","Site2_1930-02-13","Site2_1930-02-13_A143","Iris virginica","https://www.itis.gov/servlet/SingleRpt/SingleRpt?search_topic=TSN&search_value=43197","Edgar Anderson","Species","individuals","Human observation"
"94","Site2_1930-02-13","Site2_1930-02-13_A146","Iris virginica","https://www.itis.gov/servlet/SingleRpt/SingleRpt?search_topic=TSN&search_value=43197","Edgar Anderson","Species","individuals","Human observation"
"95","Site2_1930-02-13","Site2_1930-02-13_A149","Iris virginica","https://www.itis.gov/servlet/SingleRpt/SingleRpt?search_topic=TSN&search_value=43197","Edgar Anderson","Species","individuals","Human observation"
"96","Site2_1930-02-13","Site2_1930-02-13_A2","Iris setosa","https://www.itis.gov/servlet/SingleRpt/SingleRpt?search_topic=TSN&search_value=43195","Edgar Anderson","Species","individuals","Human observation"
"97","Site2_1930-02-13","Site2_1930-02-13_A5","Iris setosa","https://www.itis.gov/servlet/SingleRpt/SingleRpt?search_topic=TSN&search_value=43195","Edgar Anderson","Species","individuals","Human observation"
"98","Site2_1930-02-13","Site2_1930-02-13_A8","Iris setosa","https://www.itis.gov/servlet/SingleRpt/SingleRpt?search_topic=TSN&search_value=43195","Edgar Anderson","Species","individuals","Human observation"
"99","Site2_1930-02-13","Site2_1930-02-13_A11","Iris setosa","https://www.itis.gov/servlet/SingleRpt/SingleRpt?search_topic=TSN&search_value=43195","Edgar Anderson","Species","individuals","Human observation"
"100","Site2_1930-02-13","Site2_1930-02-13_A14","Iris setosa","https://www.itis.gov/servlet/SingleRpt/SingleRpt?search_topic=TSN&search_value=43195","Edgar Anderson","Species","individuals","Human observation"
"101","Site3_1929-12-01","Site3_1929-12-01_A19","Iris setosa","https://www.itis.gov/servlet/SingleRpt/SingleRpt?search_topic=TSN&search_value=43195","Edgar Anderson","Species","individuals","Human observation"
"102","Site3_1929-12-01","Site3_1929-12-01_A22","Iris setosa","https://www.itis.gov/servlet/SingleRpt/SingleRpt?search_topic=TSN&search_value=43195","Edgar Anderson","Species","individuals","Human observation"
"103","Site3_1929-12-01","Site3_1929-12-01_A25","Iris setosa","https://www.itis.gov/servlet/SingleRpt/SingleRpt?search_topic=TSN&search_value=43195","Edgar Anderson","Species","individuals","Human observation"
"104","Site3_1929-12-01","Site3_1929-12-01_A28","Iris setosa","https://www.itis.gov/servlet/SingleRpt/SingleRpt?search_topic=TSN&search_value=43195","Edgar Anderson","Species","individuals","Human observation"
"105","Site3_1929-12-01","Site3_1929-12-01_A31","Iris setosa","https://www.itis.gov/servlet/SingleRpt/SingleRpt?search_topic=TSN&search_value=43195","Edgar Anderson","Species","individuals","Human observation"
"106","Site3_1929-12-01","Site3_1929-12-01_A34","Iris setosa","https://www.itis.gov/servlet/SingleRpt/SingleRpt?search_topic=TSN&search_value=43195","Edgar Anderson","Species","individuals","Human observation"
"107","Site3_1929-12-01","Site3_1929-12-01_A37","Iris setosa","https://www.itis.gov/servlet/SingleRpt/SingleRpt?search_topic=TSN&search_value=43195","Edgar Anderson","Species","individuals","Human observation"
"108","Site3_1929-12-01","Site3_1929-12-01_A40","Iris setosa","https://www.itis.gov/servlet/SingleRpt/SingleRpt?search_topic=TSN&search_value=43195","Edgar Anderson","Species","individuals","Human observation"
"109","Site3_1929-12-01","Site3_1929-12-01_A43","Iris setosa","https://www.itis.gov/servlet/SingleRpt/SingleRpt?search_topic=TSN&search_value=43195","Edgar Anderson","Species","individuals","Human observation"
"110","Site3_1929-12-01","Site3_1929-12-01_A46","Iris setosa","https://www.itis.gov/servlet/SingleRpt/SingleRpt?search_topic=TSN&search_value=43195","Edgar Anderson","Species","individuals","Human observation"
"111","Site3_1929-12-01","Site3_1929-12-01_A49","Iris setosa","https://www.itis.gov/servlet/SingleRpt/SingleRpt?search_topic=TSN&search_value=43195","Edgar Anderson","Species","individuals","Human observation"
"112","Site3_1929-12-01","Site3_1929-12-01_A52","Iris versicolor","https://www.itis.gov/servlet/SingleRpt/SingleRpt?search_topic=TSN&search_value=43196","Edgar Anderson","Species","individuals","Human observation"
"113","Site3_1929-12-01","Site3_1929-12-01_A55","Iris versicolor","https://www.itis.gov/servlet/SingleRpt/SingleRpt?search_topic=TSN&search_value=43196","Edgar Anderson","Species","individuals","Human observation"
"114","Site3_1929-12-01","Site3_1929-12-01_A58","Iris versicolor","https://www.itis.gov/servlet/SingleRpt/SingleRpt?search_topic=TSN&search_value=43196","Edgar Anderson","Species","individuals","Human observation"
"115","Site3_1929-12-01","Site3_1929-12-01_A61","Iris versicolor","https://www.itis.gov/servlet/SingleRpt/SingleRpt?search_topic=TSN&search_value=43196","Edgar Anderson","Species","individuals","Human observation"
"116","Site3_1929-12-01","Site3_1929-12-01_A64","Iris versicolor","https://www.itis.gov/servlet/SingleRpt/SingleRpt?search_topic=TSN&search_value=43196","Edgar Anderson","Species","individuals","Human observation"
"117","Site3_1929-12-01","Site3_1929-12-01_A67","Iris versicolor","https://www.itis.gov/servlet/SingleRpt/SingleRpt?search_topic=TSN&search_value=43196","Edgar Anderson","Species","individuals","Human observation"
"118","Site3_1929-12-01","Site3_1929-12-01_A70","Iris versicolor","https://www.itis.gov/servlet/SingleRpt/SingleRpt?search_topic=TSN&search_value=43196","Edgar Anderson","Species","individuals","Human observation"
"119","Site3_1929-12-01","Site3_1929-12-01_A73","Iris versicolor","https://www.itis.gov/servlet/SingleRpt/SingleRpt?search_topic=TSN&search_value=43196","Edgar Anderson","Species","individuals","Human observation"
"120","Site3_1929-12-01","Site3_1929-12-01_A76","Iris versicolor","https://www.itis.gov/servlet/SingleRpt/SingleRpt?search_topic=TSN&search_value=43196","Edgar Anderson","Species","individuals","Human observation"
"121","Site3_1929-12-01","Site3_1929-12-01_A79","Iris versicolor","https://www.itis.gov/servlet/SingleRpt/SingleRpt?search_topic=TSN&search_value=43196","Edgar Anderson","Species","individuals","Human observation"
"122","Site3_1929-12-01","Site3_1929-12-01_A82","Iris versicolor","https://www.itis.gov/servlet/SingleRpt/SingleRpt?search_topic=TSN&search_value=43196","Edgar Anderson","Species","individuals","Human observation"
"123","Site3_1929-12-01","Site3_1929-12-01_A85","Iris versicolor","https://www.itis.gov/servlet/SingleRpt/SingleRpt?search_topic=TSN&search_value=43196","Edgar Anderson","Species","individuals","Human observation"
"124","Site3_1929-12-01","Site3_1929-12-01_A88","Iris versicolor","https://www.itis.gov/servlet/SingleRpt/SingleRpt?search_topic=TSN&search_value=43196","Edgar Anderson","Species","individuals","Human observation"
"125","Site3_1929-12-01","Site3_1929-12-01_A91","Iris versicolor","https://www.itis.gov/servlet/SingleRpt/SingleRpt?search_topic=TSN&search_value=43196","Edgar Anderson","Species","individuals","Human observation"
"126","Site3_1929-12-01","Site3_1929-12-01_A94","Iris versicolor","https://www.itis.gov/servlet/SingleRpt/SingleRpt?search_topic=TSN&search_value=43196","Edgar Anderson","Species","individuals","Human observation"
"127","Site3_1929-12-01","Site3_1929-12-01_A97","Iris versicolor","https://www.itis.gov/servlet/SingleRpt/SingleRpt?search_topic=TSN&search_value=43196","Edgar Anderson","Species","individuals","Human observation"
"128","Site3_1929-12-01","Site3_1929-12-01_A100","Iris versicolor","https://www.itis.gov/servlet/SingleRpt/SingleRpt?search_topic=TSN&search_value=43196","Edgar Anderson","Species","individuals","Human observation"
"129","Site3_1929-12-01","Site3_1929-12-01_A103","Iris virginica","https://www.itis.gov/servlet/SingleRpt/SingleRpt?search_topic=TSN&search_value=43197","Edgar Anderson","Species","individuals","Human observation"
"130","Site3_1929-12-01","Site3_1929-12-01_A106","Iris virginica","https://www.itis.gov/servlet/SingleRpt/SingleRpt?search_topic=TSN&search_value=43197","Edgar Anderson","Species","individuals","Human observation"
"131","Site3_1929-12-01","Site3_1929-12-01_A109","Iris virginica","https://www.itis.gov/servlet/SingleRpt/SingleRpt?search_topic=TSN&search_value=43197","Edgar Anderson","Species","individuals","Human observation"
"132","Site3_1929-12-01","Site3_1929-12-01_A112","Iris virginica","https://www.itis.gov/servlet/SingleRpt/SingleRpt?search_topic=TSN&search_value=43197","Edgar Anderson","Species","individuals","Human observation"
"133","Site3_1929-12-01","Site3_1929-12-01_A115","Iris virginica","https://www.itis.gov/servlet/SingleRpt/SingleRpt?search_topic=TSN&search_value=43197","Edgar Anderson","Species","individuals","Human observation"
"134","Site3_1929-12-01","Site3_1929-12-01_A118","Iris virginica","https://www.itis.gov/servlet/SingleRpt/SingleRpt?search_topic=TSN&search_value=43197","Edgar Anderson","Species","individuals","Human observation"
"135","Site3_1929-12-01","Site3_1929-12-01_A121","Iris virginica","https://www.itis.gov/servlet/SingleRpt/SingleRpt?search_topic=TSN&search_value=43197","Edgar Anderson","Species","individuals","Human observation"
"136","Site3_1929-12-01","Site3_1929-12-01_A124","Iris virginica","https://www.itis.gov/servlet/SingleRpt/SingleRpt?search_topic=TSN&search_value=43197","Edgar Anderson","Species","individuals","Human observation"
"137","Site3_1929-12-01","Site3_1929-12-01_A127","Iris virginica","https://www.itis.gov/servlet/SingleRpt/SingleRpt?search_topic=TSN&search_value=43197","Edgar Anderson","Species","individuals","Human observation"
"138","Site3_1929-12-01","Site3_1929-12-01_A130","Iris virginica","https://www.itis.gov/servlet/SingleRpt/SingleRpt?search_topic=TSN&search_value=43197","Edgar Anderson","Species","individuals","Human observation"
"139","Site3_1929-12-01","Site3_1929-12-01_A133","Iris virginica","https://www.itis.gov/servlet/SingleRpt/SingleRpt?search_topic=TSN&search_value=43197","Edgar Anderson","Species","individuals","Human observation"
"140","Site3_1929-12-01","Site3_1929-12-01_A136","Iris virginica","https://www.itis.gov/servlet/SingleRpt/SingleRpt?search_topic=TSN&search_value=43197","Edgar Anderson","Species","individuals","Human observation"
"141","Site3_1929-12-01","Site3_1929-12-01_A139","Iris virginica","https://www.itis.gov/servlet/SingleRpt/SingleRpt?search_topic=TSN&search_value=43197","Edgar Anderson","Species","individuals","Human observation"
"142","Site3_1929-12-01","Site3_1929-12-01_A142","Iris virginica","https://www.itis.gov/servlet/SingleRpt/SingleRpt?search_topic=TSN&search_value=43197","Edgar Anderson","Species","individuals","Human observation"
"143","Site3_1929-12-01","Site3_1929-12-01_A145","Iris virginica","https://www.itis.gov/servlet/SingleRpt/SingleRpt?search_topic=TSN&search_value=43197","Edgar Anderson","Species","individuals","Human observation"
"144","Site3_1929-12-01","Site3_1929-12-01_A148","Iris virginica","https://www.itis.gov/servlet/SingleRpt/SingleRpt?search_topic=TSN&search_value=43197","Edgar Anderson","Species","individuals","Human observation"
"145","Site3_1929-12-01","Site3_1929-12-01_A1","Iris setosa","https://www.itis.gov/servlet/SingleRpt/SingleRpt?search_topic=TSN&search_value=43195","Edgar Anderson","Species","individuals","Human observation"
"146","Site3_1929-12-01","Site3_1929-12-01_A4","Iris setosa","https://www.itis.gov/servlet/SingleRpt/SingleRpt?search_topic=TSN&search_value=43195","Edgar Anderson","Species","individuals","Human observation"
"147","Site3_1929-12-01","Site3_1929-12-01_A7","Iris setosa","https://www.itis.gov/servlet/SingleRpt/SingleRpt?search_topic=TSN&search_value=43195","Edgar Anderson","Species","individuals","Human observation"
"148","Site3_1929-12-01","Site3_1929-12-01_A10","Iris setosa","https://www.itis.gov/servlet/SingleRpt/SingleRpt?search_topic=TSN&search_value=43195","Edgar Anderson","Species","individuals","Human observation"
"149","Site3_1929-12-01","Site3_1929-12-01_A13","Iris setosa","https://www.itis.gov/servlet/SingleRpt/SingleRpt?search_topic=TSN&search_value=43195","Edgar Anderson","Species","individuals","Human observation"
"150","Site3_1929-12-01","Site3_1929-12-01_A16","Iris setosa","https://www.itis.gov/servlet/SingleRpt/SingleRpt?search_topic=TSN&search_value=43195","Edgar Anderson","Species","individuals","Human observation"
